"district_id","province_id","province_name","district_name","N_pop","y_true","sd_true","var_true","y_dir","se_dir","psi_dir","deff_dir","n_sample_hh","n_sample_bs","cv_dir","direct_error","direct_abs_pct_error","x1","x2","x3"
1,1,"Provinsi 01","Kabupaten 01",6617,13.8131709711916,0.364164112121888,0.132615500557523,13.8196464140615,0.0623748552288491,0.00389062256481989,2.60925282655895,80,8,0.00451349139912746,0.00647544286987234,0.0468787571179518,-0.688691256358845,0.918491575727239,0.670318997884169
2,1,"Provinsi 01","Kabupaten 02",7439,13.3692613418358,0.378284459934931,0.143099132628262,13.3580945087008,0.0742992784100437,0.00552038277225319,2.47926940433147,80,8,0.00556211654002365,-0.0111668331350039,0.0835261788178233,-1.47570249282525,0.556346896314062,0.432507640030235
3,1,"Provinsi 01","Kabupaten 03",8161,14.0242448848668,0.371651084258039,0.138124528430176,13.9316706357572,0.068686701299686,0.00471786293543229,2.97048196051787,80,8,0.00493025589647475,-0.0925742491096173,0.660101487599606,-0.240091591682657,0.770613333617803,0.481051450944506
4,1,"Provinsi 01","Kabupaten 04",7726,14.0353387970917,0.364501617431948,0.132861429110506,14.09728713461,0.0602483015171685,0.00362985783570364,2.05753944729281,80,8,0.00427375146309206,0.0619483375183556,0.441374008949412,-0.621792328681725,0.415357619675342,0.552023907995317
5,1,"Provinsi 01","Kabupaten 05",7412,13.3033664365303,0.37545167708054,0.14096396182259,13.2222711005046,0.0720996725946152,0.00519836278825071,2.83914833288764,80,8,0.00545289625712361,-0.0810953360257312,0.609585073166501,-2.07946981077781,0.544251764460932,0.78469359530136
6,1,"Provinsi 01","Kabupaten 06",6691,14.0834256790535,0.363509746118083,0.132139335522833,14.0318421150503,0.0522268843693445,0.00272764745092888,2.19902942990808,80,8,0.00372202622728535,-0.051583564003165,0.36627142556577,0.770392749582235,0.466136178153101,0.539914222096559
7,1,"Provinsi 01","Kabupaten 07",7190,13.4134970197318,0.368143457153971,0.135529605045278,13.4563942347961,0.0635414409531928,0.00403751471840809,2.48310551939813,80,8,0.00472202581497536,0.0428972150642757,0.3198063487931,-1.70321957153675,0.673622597043868,0.519454743340611
8,1,"Provinsi 01","Kabupaten 08",6994,14.1293833109509,0.371576585791298,0.138069159108318,14.1136541293015,0.0431259918436858,0.00185985117250165,1.2126841649027,80,8,0.0030556219848233,-0.0157291816494123,0.111322492307371,0.267342753151093,0.620601402060129,0.380482013197616
9,1,"Provinsi 01","Kabupaten 09",7655,14.2550585317595,0.372493605229515,0.138751485936882,14.2568020006172,0.0315532451100332,0.000995607276973832,0.530755924384231,80,8,0.0022132063774658,0.00174346885772714,0.0122305275270725,0.823753848140459,0.897711664147209,0.766592611337546
10,1,"Provinsi 01","Kabupaten 10",8140,14.3826054906342,0.363235180974913,0.131939796697878,14.4164306859253,0.0473439786171998,0.00224145231130587,1.23027491481831,80,8,0.00328402915039305,0.0338251952911204,0.235181277225096,1.16409290101994,0.525174793007318,0.600336305319797
11,2,"Provinsi 02","Kabupaten 11",7510,14.4542855939552,0.375370791932348,0.140903231435918,14.454795000793,0.0466479975490744,0.00217603567533845,1.35446539306284,80,8,0.00322716424179764,0.000509406837757354,0.00352426160702392,0.73712792231051,0.630069665121846,0.496852396789473
12,2,"Provinsi 02","Kabupaten 12",6965,13.8742544523061,0.364748095288784,0.133041173016796,14.0088036375562,0.0622718966700059,0.00387778911487989,2.4982642384694,80,8,0.00444519734026831,0.134549185250174,0.969775966793016,-0.420614933643249,0.473632720764726,0.512768156104721
13,2,"Provinsi 02","Kabupaten 13",7246,14.8573339758504,0.365561432133114,0.133635160663213,14.8373065356133,0.0633054562425255,0.00400758079007431,2.34632565481376,80,8,0.00426664072017226,-0.0200274402371203,0.13479834450564,1.119515455082,0.61415859243134,0.723469506727997
14,2,"Provinsi 02","Kabupaten 14",8647,14.0451653906848,0.363931239033614,0.132445946744541,14.0109930637191,0.0665342355441952,0.00442680449945045,2.70084841285093,80,8,0.00474871661427646,-0.0341723269657219,0.243303129690349,0.167206529956563,0.608243783109356,0.545588310016319
15,2,"Provinsi 02","Kabupaten 15",7133,13.7405901535478,0.372380367182888,0.138667137863263,13.7987010822688,0.0312535868197345,0.000976786689098684,0.6506705973542,80,8,0.00226496585681497,0.0581109287209376,0.422914358637887,-0.939485368376678,0.949720933253411,0.727413138817064
16,2,"Provinsi 02","Kabupaten 16",8557,13.6677885069684,0.370019169774529,0.136914186000632,13.6464307150453,0.0541277390586012,0.00292981213559603,2.07369406742076,80,8,0.00396643929748787,-0.0213577919230978,0.156263699223973,-0.279268408111647,0.675251140748151,0.549235911923461
17,2,"Provinsi 02","Kabupaten 17",7966,13.8088234910457,0.366771984084992,0.134521688309641,13.821453023751,0.0474975231461176,0.00225601470501597,1.41246173299932,80,8,0.00343650722282939,0.0126295327053452,0.091459875010603,-0.622999899311516,0.717083708615974,0.627973204141017
18,2,"Provinsi 02","Kabupaten 18",6415,14.2156611246919,0.36938766475916,0.136447246876225,14.2364536671568,0.043425455572647,0.00188577019169194,1.21036003058005,80,8,0.00305030006685081,0.0207925424649584,0.14626504024384,0.70531696409298,0.516336879052687,0.784661610797048
19,2,"Provinsi 02","Kabupaten 19",8576,14.2123421113731,0.373872027821185,0.139780293187125,14.2198531279454,0.0580405743087011,0.00336870826608386,2.17632136211955,80,8,0.00408165779115099,0.00751101657228403,0.0528485489121002,0.802766349812531,0.77099380090367,0.594656001392286
20,2,"Provinsi 02","Kabupaten 20",8200,14.1226711688092,0.367892192789742,0.135344665515645,14.1770334441621,0.0816203436504731,0.00666188049762132,3.55850254483091,80,8,0.00575722304471837,0.0543622753529309,0.38492913063779,0.888410526867956,0.403344378131442,0.380996072979178
21,3,"Provinsi 03","Kabupaten 21",5908,13.9647449977943,0.366274698974665,0.134157155108981,13.9097355133052,0.0514089836450248,0.00264288359941443,1.77011661975604,80,8,0.00369589943646664,-0.0550094844890339,0.393916856324427,-0.825456836154413,0.65579330708133,0.664804255461786
22,3,"Provinsi 03","Kabupaten 22",8465,13.7419833496058,0.372386367652494,0.138671606813418,13.7060019352581,0.0457983940755913,0.00209749289990315,1.2718051606715,80,8,0.00334148457675151,-0.0359814143476882,0.261835671258621,-0.725108608221018,0.622289900190663,0.538019232545048
23,3,"Provinsi 03","Kabupaten 23",7754,14.6614649997188,0.369931089806031,0.136849011205077,14.6258678409569,0.0728009526810619,0.00529997871127021,2.70002408475996,80,8,0.00497754755291833,-0.0355971587618846,0.242794009756647,1.25811921234356,0.867912595905364,0.835941554885358
24,3,"Provinsi 03","Kabupaten 24",7677,13.2822288210307,0.370266715763855,0.137097440802551,13.2538765104369,0.0617668085495101,0.00381513863839183,2.45717379757571,80,8,0.00466028248421291,-0.0283523105938066,0.213460489017584,-2.13127810529374,0.641406577720772,0.724740726605523
25,3,"Provinsi 03","Kabupaten 25",5758,14.1717245680167,0.364968548878026,0.133202041670132,14.2559849848173,0.0548949313225799,0.00301345348491076,2.02588193463692,80,8,0.00385065860977289,0.0842604168006194,0.594567135398479,-0.472634267264463,0.563447787042242,0.457966939348262
26,3,"Provinsi 03","Kabupaten 26",7843,14.6064063441363,0.372598895209574,0.138829936711395,14.5773624893176,0.0355125242348408,0.00126113937753016,1.02503358851003,80,8,0.00243614194686211,-0.0290438548186973,0.198843261883899,1.84513717301711,0.814178690384142,0.843696121941321
27,3,"Provinsi 03","Kabupaten 27",8168,13.7531247492156,0.374674281107815,0.140380816923658,13.6523443823558,0.0518692026204421,0.00269041418048048,1.7666599470104,80,8,0.00379928905745137,-0.100780366859793,0.732781594710255,-0.38549200954774,0.406088319828268,0.710687367012724
28,3,"Provinsi 03","Kabupaten 28",8186,14.2111663360121,0.364923408351194,0.133169093962652,14.1309247811883,0.0470867093344182,0.00221715819594399,1.29317517570913,80,8,0.00333217464982208,-0.0802415548237789,0.56463736280703,0.436716232520864,0.407803245435935,0.319434181950055
29,3,"Provinsi 03","Kabupaten 29",7266,14.1345135436706,0.377780982130656,0.142718470459603,14.1253686453006,0.0171734273618954,0.000294926607354299,0.171191244056219,80,8,0.00121578613579115,-0.00914489837005128,0.0646990668748294,0.69476890854478,0.494908741884865,0.494714165036567
30,3,"Provinsi 03","Kabupaten 30",6420,14.3969903417368,0.369075355972839,0.136216618386478,14.4166566379205,0.0552203701809014,0.00304928928291578,1.92311771276453,80,8,0.00383031735913401,0.0196662961837184,0.136600051239223,1.48347814782377,0.631328525335994,0.454901888302993
31,4,"Provinsi 04","Kabupaten 31",6644,13.6763248245279,0.373643830753622,0.139609712260242,13.7259651095542,0.0482328558921773,0.00232640838751554,1.48654943948447,80,8,0.0035139864852639,0.049640285026312,0.362965092327175,-0.470913412928924,0.923529595264699,0.436187585897278
32,4,"Provinsi 04","Kabupaten 32",7596,14.1664439325544,0.371220053242893,0.137804327929656,14.1752070932908,0.0736247507681558,0.00542060392567306,3.5116129897028,80,8,0.00519391006308491,0.00876316073639494,0.061858577763875,-0.529665735810238,0.820401856384706,0.804821686609648
33,4,"Provinsi 04","Kabupaten 33",6786,14.184238800296,0.366841384924337,0.134572601693205,14.0463317557763,0.0561620756121861,0.00315417873706891,1.91162708979293,80,8,0.00399834466312464,-0.137907044519741,0.97225551868785,-0.0939492752809931,0.89723902499536,0.538278958993033
34,4,"Provinsi 04","Kabupaten 34",7922,13.9354582249597,0.379280938740643,0.143854030491984,14.0402580634082,0.0745154494841019,0.00555255221181774,3.16187063985666,80,8,0.0053072706461361,0.104799838448498,0.752037261758584,0.268999627794738,0.536462605022825,0.517447072849609
35,4,"Provinsi 04","Kabupaten 35",6448,13.5424369780864,0.361684975275005,0.130816021339681,13.5029388326448,0.0545565250392224,0.0029764144243553,2.23360663182283,80,8,0.00404034452909807,-0.0394981454415131,0.29166202143253,-1.17883740254382,0.411914701666683,0.705596922535915
36,4,"Provinsi 04","Kabupaten 36",7629,14.1975705231202,0.366309957293169,0.134182984812123,14.2672678015941,0.0532992046690316,0.00284080521835132,1.48437824915453,80,8,0.00373576815198466,0.0696972784739849,0.490909894481494,0.977230636617833,0.837850135844201,0.36654779270757
37,4,"Provinsi 04","Kabupaten 37",8501,13.6797351285648,0.373394589755209,0.139423519658461,13.7361495535211,0.0501493203811148,0.00251495433468769,1.74451454306072,80,8,0.00365090087187202,0.0564144249563885,0.412394132095358,-1.47183589754428,0.420710059383418,0.532079867937136
38,4,"Provinsi 04","Kabupaten 38",6604,12.986832122766,0.368048404409305,0.135459627988235,13.008699322151,0.0383645845325974,0.00147184134635881,0.911668239756383,80,8,0.00294914838005909,0.0218671993850528,0.168379780213833,-2.54670138748319,0.402660654927604,0.347747590660583
39,4,"Provinsi 04","Kabupaten 39",6019,14.9219189144387,0.362855308818961,0.131663975138104,15.0144364810197,0.0329839352390543,0.00108793998385413,0.67477636606446,80,8,0.00219681473099244,0.0925175665809785,0.620011186975806,1.84500469344905,0.754572306270711,0.482058249425609
40,4,"Provinsi 04","Kabupaten 40",7430,14.3257075429159,0.365039456778961,0.133253805005479,14.3968725709708,0.0833140889225302,0.00694123741299126,4.11402688361182,80,8,0.00578695744591927,0.0711650280549065,0.496764490282353,0.474248794400132,0.844190865079872,0.564083494083025
41,5,"Provinsi 05","Kabupaten 41",6003,14.6133557769633,0.370037050296042,0.136927418591796,14.5494839155759,0.0497197720160702,0.00247205572933,1.53903733264946,80,8,0.00341728767182202,-0.063871861387387,0.437078672156026,1.14074023466111,0.441832753422204,0.704760628938675
42,5,"Provinsi 05","Kabupaten 42",7572,13.9302863535443,0.361370462206699,0.130588610955483,13.9446716902315,0.0549208736822634,0.00301630236602313,1.9013987594959,80,8,0.00393848452672691,0.0143853366871074,0.103266625839657,-0.336558203742127,0.53753844894236,0.628722336608917
43,5,"Provinsi 05","Kabupaten 43",7417,14.2282386298438,0.369854499357318,0.136792350694853,14.2487418038174,0.0667528244590161,0.00445593957325621,2.88689003914364,80,8,0.00468482237787006,0.0205031739735464,0.144101982732711,0.404978253868549,0.760202995722648,0.542046195070725
44,5,"Provinsi 05","Kabupaten 44",6506,13.7950230638479,0.372185613019983,0.13852213053906,13.7849983581981,0.0538950584985199,0.00290467733055888,1.51408176402496,80,8,0.00390968914889046,-0.0100247056497693,0.072669002461045,-1.20973585070339,0.595144811784849,0.613459241588134
45,5,"Provinsi 05","Kabupaten 45",8507,14.2393200475453,0.375289764812146,0.140842407572756,14.0902664481814,0.0665443774783674,0.00442815417398345,2.18779107256396,80,8,0.00472271959675796,-0.14905359936396,1.0467746975717,0.194011195120595,0.841253171442077,0.780612597393338
46,5,"Provinsi 05","Kabupaten 46",7128,14.7820393964936,0.367997332349802,0.135422036616571,14.7590629710028,0.075672396061708,0.00572631152572,3.54512649269442,80,8,0.00512718159752973,-0.0229764254908282,0.155434746685078,1.79792633039734,0.611772357323207,0.704163289046846
47,5,"Provinsi 05","Kabupaten 47",6955,14.2183848850047,0.370936030811944,0.137593538954519,14.1475292999527,0.0496870217079757,0.00246880012620885,1.33784380258078,80,8,0.00351206353098994,-0.0708555850520032,0.49833779029804,0.345477426324299,0.739023230713792,0.574786278617103
48,5,"Provinsi 05","Kabupaten 48",8282,14.0740917826157,0.37110045991878,0.13771555135193,14.0333118115669,0.0281306677591777,0.000791334468577238,0.493388304090338,80,8,0.00200456372215653,-0.0407799710487726,0.289752061295665,-0.032279081053165,0.767582760471851,0.491540132358205
49,5,"Provinsi 05","Kabupaten 49",8701,14.1047677336687,0.359756333106717,0.129424619210391,14.0928311605603,0.0549249577640723,0.00301675098538512,1.86687742490245,80,8,0.00389736860807524,-0.0119365731084233,0.0846279310217224,0.267542836534285,0.53076830127975,0.470716275507584
50,5,"Provinsi 05","Kabupaten 50",7361,14.0027333599302,0.367105749543121,0.134766631347617,14.0691162540717,0.0561083647716933,0.00314814859735339,1.47260721309403,80,8,0.00398805182631533,0.0663828941415101,0.474070971968013,-0.453383324203501,0.894444401981309,0.34267069331836
51,6,"Provinsi 06","Kabupaten 51",7906,14.5522809980822,0.362887760865548,0.131687526986011,14.5237123387905,0.0511767349872192,0.00261905820395207,1.35536689768542,80,8,0.00352366762666694,-0.0285686592917109,0.19631739722093,0.955282907873008,0.879203445045277,0.79010511134984
52,6,"Provinsi 06","Kabupaten 52",8411,14.2796192039061,0.371767100097629,0.138210776715,14.2953152352219,0.0550316975921173,0.00302848773987025,2.3306980166458,80,8,0.00384963162312965,0.0156960313158319,0.109919116831479,0.421903059649076,0.815619890880771,0.542738801706582
53,6,"Provinsi 06","Kabupaten 53",8342,13.5100490385978,0.368089420334486,0.135489821362178,13.5144809925887,0.0618933331389707,0.00383078468705161,2.20886773765893,80,8,0.0045797787701143,0.00443195399080487,0.0328048697539357,-1.58695375981935,0.542390568985138,0.56110110898735
54,6,"Provinsi 06","Kabupaten 54",8448,14.2819658579471,0.37655278714729,0.141792001508392,14.3085143482047,0.0447787366001407,0.00200513525150478,1.33625644690491,80,8,0.00312951683944456,0.026548490257623,0.185888206999531,1.51160636397727,0.793645336269401,0.735628538567107
55,6,"Provinsi 06","Kabupaten 55",8067,14.0276325942891,0.37025908586464,0.137091790665319,14.0928973871322,0.0246393176716019,0.000607095975322114,0.478408265395691,80,8,0.00174835003723927,0.065264792843136,0.465258784078124,-0.304279325358955,0.680711331334896,0.805327884340659
56,6,"Provinsi 06","Kabupaten 56",7812,13.5921299085427,0.377843189652588,0.142765475966842,13.6567508854825,0.0656954859595307,0.00431589687545889,1.80056710147799,80,8,0.00481047699488805,0.0646209769398389,0.475429365188928,-1.02154317393284,0.674395249329973,0.539300156699028
57,6,"Provinsi 06","Kabupaten 57",6678,14.104384128117,0.364155617154243,0.132609313504988,14.1531002482823,0.0728443718256473,0.00530630250667316,2.84656372509582,80,8,0.00514688446684945,0.0487161201653095,0.345397003674866,-0.427106364949722,0.568078274861909,0.767544482648373
58,6,"Provinsi 06","Kabupaten 58",7167,13.6094474072899,0.367538807500512,0.135084775018898,13.5517514964241,0.0226387449847103,0.000512512774482744,0.51220095063643,80,8,0.00167054015052475,-0.0576959108657729,0.423940143483476,-1.23748273892299,0.84325711944839,0.639416535827331
59,6,"Provinsi 06","Kabupaten 59",7218,14.1629824119008,0.374039788126703,0.139905763101869,14.1724451697417,0.0297321940286251,0.000884003361755808,0.639244707061372,80,8,0.00209788739152108,0.00946275784094119,0.0668133135079649,-0.522776220906201,0.934154442348517,0.780262523633428
60,6,"Provinsi 06","Kabupaten 60",6510,14.507687551693,0.373607307904287,0.139582420519489,14.5011199875727,0.043445907826462,0.00188754690686543,1.47506800642274,80,8,0.0029960380897265,-0.00656756412034554,0.0452695448323128,1.17179441059897,0.811265880754217,0.585156973567791
