"district_id","province_id","province_name","district_name","N_pop","y_true","sd_true","var_true","y_dir","se_dir","psi_dir","deff_dir","n_sample_hh","n_sample_bs","cv_dir","direct_error","direct_abs_pct_error","y_dir_bounded","x1","x2"
1,1,"Provinsi 01","Kabupaten 01",8254,0.1329052580567,0.339492877716996,0.115255414020568,0.136864190727872,0.0449625263923815,0.0020216287795856,1.36507234907389,80,8,0.328519287282243,0.00395893267117242,2.9787630143899,0.136864190727872,-0.677449261045184,0.681739776348695
2,1,"Provinsi 01","Kabupaten 02",6973,0.323533629714614,0.467857896570322,0.218891011383206,0.398701328176419,0.0456714757252615,0.00208588369492315,0.695318620981916,80,8,0.114550598399443,0.0751676984618059,23.233349351692,0.398701328176419,-2.11661786519789,0.343265463644639
3,1,"Provinsi 01","Kabupaten 03",6766,0.0919302394324564,0.288948802313107,0.0834914103581788,0.110964963795864,0.027602175525839,0.000761880093759226,0.617418127154933,80,8,0.248746762776558,0.0190347243634073,20.7056181740858,0.110964963795864,0.0587303535398367,0.63694320935756
4,1,"Provinsi 01","Kabupaten 04",7474,0.0735884399250736,0.261117414266726,0.0681823040333412,0.0621378453060969,0.027203301970583,0.000740019638102724,1.01411861434009,80,8,0.437789592422733,-0.0114505946189767,15.5603171240422,0.0621378453060969,0.751084568640089,0.563555126031861
5,1,"Provinsi 01","Kabupaten 05",6834,0.137547556335967,0.344449687410308,0.118645587157059,0.0741127841803322,0.0172003654651009,0.000295852572133035,0.344677786986655,80,8,0.2320836500117,-0.063434772155635,46.11842903315,0.0741127841803322,-0.118629418338459,0.260492310300469
6,1,"Provinsi 01","Kabupaten 06",7899,0.0249398658057982,0.155951748595939,0.0243209478901308,0.0285172967992542,0.0164545190471892,0.000270751197074313,0.779970698239843,80,8,0.577001360368053,0.00357743099345603,14.3442271153854,0.0285172967992542,1.4687631084426,0.477062236331403
7,1,"Provinsi 01","Kabupaten 07",6562,0.164279183175861,0.370556957225813,0.137312458548453,0.202231145459498,0.0332754262133637,0.00110725398968101,0.54882446290048,80,8,0.164541550401433,0.0379519622836374,23.1021128483515,0.202231145459498,0.42003117494271,0.503340075537562
8,1,"Provinsi 01","Kabupaten 08",8013,0.140396855110446,0.347419978251344,0.120700641288165,0.142018566910223,0.0389487834148449,0.0015170077294965,0.993482245738458,80,8,0.274251347990762,0.00162171179977771,1.15509125792167,0.142018566910223,0.0102284862167771,0.432208132743836
9,1,"Provinsi 01","Kabupaten 09",6732,0.0461972667855021,0.209927667583973,0.044069625617247,0.101793607939852,0.0254577354119225,0.000648096292303452,0.566673955833082,80,8,0.250091689715576,0.05559634115435,120.345520466587,0.101793607939852,1.39984735730007,0.692819186206907
10,1,"Provinsi 01","Kabupaten 10",6799,0.187968818943962,0.390716003259299,0.152658995202921,0.125479343083036,0.014882095309809,0.00022147676081024,0.161336351683668,80,8,0.118601954267172,-0.0624894758609265,33.2445967432269,0.125479343083036,-0.61685173200339,0.254680046485737
11,2,"Provinsi 02","Kabupaten 11",7686,0.0883424408014572,0.283810735980193,0.0805485338576187,0.125576669828743,0.0412803425442578,0.00170406668057126,1.23891683887941,80,8,0.32872620846336,0.0372342290272855,42.1476118267623,0.125576669828743,0.616308518882834,0.454415904032066
12,2,"Provinsi 02","Kabupaten 12",8817,0.100034025178632,0.300062378155083,0.090037430784084,0.0743828263069007,0.0244618452508984,0.000598381873078901,0.692907910839834,80,8,0.328864154071933,-0.0256511988717315,25.6424739741561,0.0743828263069007,0.402358445015982,0.277309315185994
13,2,"Provinsi 02","Kabupaten 13",8000,0.16475,0.370977951609089,0.137624640580076,0.162234814873979,0.0189508803543179,0.000359135866203671,0.210859062396937,80,8,0.116811427738482,-0.00251518512602089,1.52666775479265,0.162234814873979,-0.727088806949982,0.679223811207339
14,2,"Provinsi 02","Kabupaten 14",6994,0.295539033457249,0.45631730755821,0.208225485177174,0.279318137007209,0.0833670341479494,0.00695006238262536,2.75917687491278,80,8,0.298466240113143,-0.0162208964500402,5.48858005668025,0.279318137007209,-1.72848414467712,0.559505987446755
15,2,"Provinsi 02","Kabupaten 15",6888,0.182491289198606,0.386276948392208,0.149209880859196,0.233726433126524,0.0525354214269261,0.00275997050450473,1.23173474582663,80,8,0.224773127815145,0.0512351439279179,28.0753915175416,0.233726433126524,-1.63556764754671,0.644810444535688
16,2,"Provinsi 02","Kabupaten 16",7750,0.0616774193548387,0.240584255064181,0.0578807837847869,0.0338393389279797,0.0242489781778698,0.000588012942670807,1.43573487146663,80,8,0.716591368096138,-0.027838080426859,45.1349630351794,0.0338393389279797,0.557792553455355,0.614065676089376
17,2,"Provinsi 02","Kabupaten 17",6754,0.130737340835061,0.337137831422676,0.113661917376385,0.0602984810110957,0.0259307854058178,0.000672405631762575,0.948723696951535,80,8,0.430040441666287,-0.070438859823965,53.878149405556,0.0602984810110957,0.244085907492102,0.200999976694584
18,2,"Provinsi 02","Kabupaten 18",7564,0.192622950819672,0.394385487587651,0.155539912819749,0.173686211511442,0.0576737958678046,0.0033262667298012,1.85051382089672,80,8,0.332057423360894,-0.0189367393082305,9.83098806640053,0.173686211511442,-1.54030693969278,0.635041257180274
19,2,"Provinsi 02","Kabupaten 19",6146,0.498861047835991,0.500039384508235,0.250039386059374,0.497917209408066,0.0439813409581768,0.0019343583524794,0.619351605760929,80,8,0.0883306303280071,-0.000943838427924837,0.189198662036075,0.497917209408066,-1.81386178235053,0.390173981618136
20,2,"Provinsi 02","Kabupaten 20",7776,0.126543209876543,0.332481942353527,0.110544241991174,0.154931286768258,0.051419786747775,0.00264399446918665,1.61191956218802,80,8,0.331887689183705,0.0283880768917143,22.4335046656474,0.154931286768258,-0.645556494494051,0.592216277262196
21,3,"Provinsi 03","Kabupaten 21",8365,0.0577405857740586,0.23326618997173,0.054413115383927,0.0533401499378907,0.0287934453077742,0.000829062492691782,1.30955177244586,80,8,0.53980810592586,-0.00440043583616787,7.62104467278348,0.0533401499378907,1.06344596716616,0.490393508737907
22,3,"Provinsi 03","Kabupaten 22",6483,0.108591701372821,0.311150248847461,0.0968144773578367,0.136414251739928,0.0344782703033381,0.00118875112311005,0.807109131334998,80,8,0.252746834466171,0.0278225503671068,25.621249151982,0.136414251739928,0.153031253320399,0.797099393513054
23,3,"Provinsi 03","Kabupaten 23",8208,0.118664717348928,0.323413273383341,0.104596145400528,0.151651648634172,0.0429891392901137,0.00184806609690479,1.14602420536356,80,8,0.28347294392965,0.0329869312852442,27.7984324424317,0.151651648634172,0.234188566112616,0.262278848420829
24,3,"Provinsi 03","Kabupaten 24",7655,0.12749836708034,0.333552195886055,0.111257067380409,0.115405486260276,0.035795649665368,0.00128132853496576,1.00204442951113,80,8,0.31017285941361,-0.0120928808200632,9.4847338809,0.115405486260276,-0.534117103556825,0.430602823523805
25,3,"Provinsi 03","Kabupaten 25",6125,0.120163265306122,0.325178902860998,0.105741318865882,0.112066776894183,0.0302824610855782,0.000917027449399557,0.737657358722186,80,8,0.270218006842222,-0.00809648841193937,6.73790645694683,0.112066776894183,0.47932432879952,0.395478151645511
26,3,"Provinsi 03","Kabupaten 26",7881,0.218373302880345,0.413168324270589,0.170708064180567,0.221125953811042,0.0399601082333655,0.00159681025002228,0.739965770727151,80,8,0.180711976792703,0.00275265093069735,1.26052539133212,0.221125953811042,-1.42706194257223,0.528755962429568
27,3,"Provinsi 03","Kabupaten 27",7072,0.0897907239819005,0.285901920444104,0.0817399081136267,0.0455450224938914,0.024486761191407,0.000599601473644995,1.10212325335267,80,8,0.537638579379145,-0.0442457014880091,49.2764725863307,0.0455450224938914,0.544673378750469,0.745920159807429
28,3,"Provinsi 03","Kabupaten 28",7499,0.0198693159087878,0.139560465355384,0.0194771234902112,0.005,0.01,1e-04,NA,80,8,2,-0.0148693159087878,74.8355704697987,0.005,2.40409424205829,0.339764448301867
29,3,"Provinsi 03","Kabupaten 29",6978,0.0743766122098022,0.262401598983466,0.0688545991490797,0.0866022154374535,0.0335543036908749,0.00112589129617946,1.13748976803922,80,8,0.387453179129219,0.0122256032276512,16.4374295419172,0.0866022154374535,0.790629997843485,0.475483108125627
30,3,"Provinsi 03","Kabupaten 30",8216,0.127434274586173,0.33347910852962,0.11120831582571,0.087742019974792,0.0328695591801368,0.00108040792069651,1.07673938094069,80,8,0.374615938743832,-0.0396922546113813,31.1472362833915,0.087742019974792,0.0830457022664008,0.363965012598783
31,4,"Provinsi 04","Kabupaten 31",8783,0.156893999772287,0.36372150752898,0.132293335039154,0.163397875364845,0.0561649461045788,0.00315450117093024,1.83979498648952,80,8,0.343731189767125,0.00650387559255808,4.14539472637428,0.163397875364845,-0.238542397091329,0.785935076512396
32,4,"Provinsi 04","Kabupaten 32",8852,0.167532760957976,0.373471942722352,0.139481292000808,0.186028496407179,0.0418047855264742,0.0017476400929145,0.920028196346748,80,8,0.224722482489843,0.0184957354492033,11.0400708156674,0.186028496407179,0.263097674516508,0.573921089526266
33,4,"Provinsi 04","Kabupaten 33",8168,0.112634671890304,0.316165052815995,0.099960340622141,0.116839330131418,0.0503407477919492,0.00253419088825264,1.95939948644499,80,8,0.430854471138505,0.00420465824111417,3.73300527319788,0.116839330131418,-0.484225157189388,0.7760363958776
34,4,"Provinsi 04","Kabupaten 34",7058,0.0585151601020119,0.234731639824237,0.0550989427345755,0.0618516686058024,0.0310362749867895,0.000963250365055615,1.32655849203809,80,8,0.501785573233152,0.00333650850379053,5.70195569485559,0.0618516686058024,1.59865563343824,0.409416555054486
35,4,"Provinsi 04","Kabupaten 35",7254,0.0821615660325338,0.274629642100957,0.0754214403204998,0.0490908923748857,0.0279342223883327,0.00078032078044083,1.33520196116059,80,8,0.56903064982016,-0.0330706736576481,40.2507830054663,0.0490908923748857,0.791631995909471,0.611295648477972
36,4,"Provinsi 04","Kabupaten 36",7891,0.196679761753897,0.397513343194254,0.158016858017472,0.196122681918913,0.0457185861378002,0.00209018911843946,1.05808323623718,80,8,0.233112181061763,-0.000557079834983654,0.283242073315465,0.196122681918913,-1.84185423777049,0.699168907292187
37,4,"Provinsi 04","Kabupaten 37",7874,0.19494538989078,0.396183819730931,0.156961619016591,0.20418439484252,0.0427165056456965,0.00182469985457882,0.89623260574646,80,8,0.20920553541147,0.00923900495174054,4.73927850097753,0.20418439484252,-1.27758249618221,0.426529450062662
38,4,"Provinsi 04","Kabupaten 38",5852,0.105604921394395,0.3073575522782,0.0944686649424463,0.0775950815850911,0.017456781886623,0.00030473923383713,0.341021395829731,80,8,0.22497278861006,-0.028009839809304,26.5232334246031,0.0775950815850911,0.260553383832279,0.392294736811891
39,4,"Provinsi 04","Kabupaten 39",7328,0.0414847161572052,0.199422068731012,0.0397691614969564,0.0496781009006184,0.0286567188203857,0.00082120753355065,1.3893375169693,80,8,0.576848114176381,0.00819338474341318,19.7503695393855,0.0496781009006184,1.37073628441173,0.207418952556327
40,4,"Provinsi 04","Kabupaten 40",7985,0.0762680025046963,0.265443060459359,0.0704600183460308,0.0351463689974093,0.0186220358070144,0.000346780217597726,0.816085866372099,80,8,0.529842380258031,-0.041121633507287,53.917281372034,0.0351463689974093,-0.191068141651308,0.287329068640247
41,5,"Provinsi 05","Kabupaten 41",7901,0.225794203265409,0.418130731990328,0.174833309034768,0.301657366904686,0.0505733601523353,0.00255766475709782,0.968996170879011,80,8,0.167651666098096,0.0758631636392766,33.5983663628881,0.301657366904686,-0.925870997101728,0.536161576863378
42,5,"Provinsi 05","Kabupaten 42",7095,0.108668076109937,0.311244243386677,0.0968729790413448,0.109205050114444,0.0433168878955848,0.00187635277695866,1.54110192783253,80,8,0.396656453618123,0.000536974004507404,0.49414144772763,0.109205050114444,-0.112748789928997,0.43303309683688
43,5,"Provinsi 05","Kabupaten 43",6691,0.157076670153938,0.36390023511442,0.13242338111633,0.12583987795829,0.024862177779087,0.00061812788391893,0.449294900144728,80,8,0.197569945095844,-0.0312367921956485,19.8863345938234,0.12583987795829,-0.4400962319402,0.444761310284957
44,5,"Provinsi 05","Kabupaten 44",6718,0.119678475736826,0.324609339193734,0.105371223091793,0.174729429734195,0.0340526499038952,0.00115958296547725,0.642952728346188,80,8,0.194887890126451,0.0550509539973687,45.999043402279,0.174729429734195,-0.269142388446205,0.763966716686264
45,5,"Provinsi 05","Kabupaten 45",6951,0.138685081283269,0.345642469588364,0.119468716783143,0.150416365375403,0.0204780797162593,0.00041935174886547,0.262239416250981,80,8,0.136142630924174,0.0117312840921345,8.45893731581194,0.150416365375403,-0.267369629750869,0.661338351713494
46,5,"Provinsi 05","Kabupaten 46",6937,0.0801499207150065,0.27154472998198,0.0737365403809866,0.0800175452769193,0.0198108228974954,0.000392468703875929,0.426085433267514,80,8,0.247580987756316,-0.000132375438087182,0.165159786692586,0.0800175452769193,0.732178776139222,0.599836847558618
47,5,"Provinsi 05","Kabupaten 47",7135,0.25718290119131,0.43711169660822,0.191066635311717,0.318722720044884,0.0515329251071392,0.00265564237009802,0.977156039696514,80,8,0.161685759646762,0.0615398188535731,23.9284254779425,0.318722720044884,-1.45563896540684,0.64190516625531
48,5,"Provinsi 05","Kabupaten 48",7256,0.107497243660419,0.309765734818983,0.0959548104679447,0.0752066628012491,0.0313840057131649,0.000984955814603968,1.13126111517862,80,8,0.417303527961404,-0.0322905808591699,30.0385198351457,0.0752066628012491,0.728647945274685,0.521874703792855
49,5,"Provinsi 05","Kabupaten 49",7607,0.0850532404364401,0.278979242985991,0.0778294180170367,0.073713929037384,0.0291016435017541,0.000846905654503184,0.990179937733664,80,8,0.394791647681609,-0.0113393113990561,13.3320157361082,0.073713929037384,1.15880997886957,0.65206185108982
50,5,"Provinsi 05","Kabupaten 50",8398,0.174327220766849,0.379413207959794,0.143954382374342,0.255657959779966,0.0286516322361974,0.000820916029798309,0.344075507924606,80,8,0.112070174779055,0.0813307390131172,46.6540673655846,0.255657959779966,-0.620116073209423,0.561997661134228
51,6,"Provinsi 06","Kabupaten 51",8690,0.193210586881473,0.394839455920881,0.155898195951897,0.152001907263052,0.0350836870219293,0.00123086509505269,0.761374552119346,80,8,0.230810834243112,-0.0412086796184206,21.3283755737984,0.152001907263052,-1.37008283353433,0.250592968892306
52,6,"Provinsi 06","Kabupaten 52",7551,0.238908753807443,0.426445125175132,0.181855444785634,0.194252250148093,0.0376345402871428,0.00141635862262458,0.722567654238013,80,8,0.193740562894129,-0.0446565036593494,18.6918658055292,0.194252250148093,-1.47327394783017,0.769941705092788
53,6,"Provinsi 06","Kabupaten 53",7166,0.0554005023723137,0.228776289085574,0.052338590447766,0.0756175004717238,0.0347820558262991,0.00120979140750379,1.38260295884468,80,8,0.459973625276142,0.0202169980994101,36.4924454358621,0.0756175004717238,0.96918986043356,0.351820137677714
54,6,"Provinsi 06","Kabupaten 54",7572,0.222002113048072,0.415620004143109,0.172739987843918,0.177397308490837,0.0304599426948938,0.000927808108976217,0.507595997579892,80,8,0.171704649602771,-0.0446048045572347,20.0920630640917,0.177397308490837,-0.98443748898667,0.391769164381549
55,6,"Provinsi 06","Kabupaten 55",7335,0.206271301976823,0.404655131999384,0.163745775853439,0.204816550424454,0.0417950599427676,0.00174682703561954,0.856630094917516,80,8,0.204060950426873,-0.00145475155236927,0.705261244985364,0.204816550424454,-1.73733972802602,0.628424134943634
56,6,"Provinsi 06","Kabupaten 56",6916,0.161364950838635,0.367893834473808,0.135345873443842,0.187706149096994,0.0375541681184958,0.00141031554307224,0.739315757180031,80,8,0.200068928477618,0.0263411982583594,16.3239898884242,0.187706149096994,-0.366826030473862,0.468297098297626
57,6,"Provinsi 06","Kabupaten 57",7358,0.159690133188366,0.366343328331248,0.134207434212817,0.175146184322342,0.0487983670484529,0.00238128062659553,1.31652480111094,80,8,0.278615073672651,0.0154560511339752,9.67877653138635,0.175146184322342,-1.54970183877723,0.712236333452165
58,6,"Provinsi 06","Kabupaten 58",7190,0.070375521557719,0.255796614378759,0.0654319079276353,0.0892646112189272,0.0195097992901124,0.00038063226834047,0.374095478900003,80,8,0.218561409988818,0.0188890896612082,26.8404258229421,0.0892646112189272,0.952274485422924,0.465571338590235
59,6,"Provinsi 06","Kabupaten 59",8472,0.127596789423985,0.333659990961254,0.111328989568264,0.123142211453212,0.0492700216774588,0.00242753503609726,1.79291112634632,80,8,0.400106682314853,-0.00445457797077264,3.49113640780628,0.123142211453212,-0.502069078011815,0.424283597478643
60,6,"Provinsi 06","Kabupaten 60",7595,0.0491112574061883,0.216114532846085,0.0467054913072814,0.122129200323214,0.034658192292299,0.00120119029296997,0.894489537689014,80,8,0.283783011766035,0.0730179429170254,148.678626395391,0.122129200323214,0.927830517813717,0.67121456200257
