"district_id","province_id","province_name","district_name","N_pop","y_true","sd_true","var_true","y_dir","se_dir","psi_dir","deff_dir","n_sample_hh","n_sample_bs","cv_dir","direct_error","direct_abs_pct_error","x1","x2","x3","x4","x5","x6","x7","x8","x9","x10","x11","x12","x13","x14","x15","x16","x17","x18","x19","x20","x21","x22","x23","x24","x25"
1,1,"Provinsi 01","Kabupaten 01",7752,10.7157565383174,0.36560983036158,0.133670548057023,10.8206393746831,0.0395394060978731,0.00156336463457253,1.06113883446172,80,8,0.00365407299224692,0.104882836365741,0.978772109936441,-0.00825669413319505,-2.02439671604305,-0.0614633684176462,-1.09303084551663,-0.771174556495627,0.885374820900651,-1.19429600187533,-0.274951173880729,1.67457205754556,-0.44989891258294,-0.58161349044412,1.3436583589444,-0.275893167370124,1.27601548500546,0.0732692989139719,0.01768171495676,0.00179046765734345,1.6943926235438,-1.46407542397493,-0.225771928650653,-1.01546241072266,-1.42277869482208,1.09479653441176,0.177422071706511,0.361976937716429
2,1,"Provinsi 01","Kabupaten 02",8419,10.1555539821175,0.36542592547095,0.133536107006301,10.1670377085489,0.0601278819949455,0.00361536219319809,2.0539131403324,80,8,0.00591400206417913,0.0114837264314183,0.113078286537982,0.0484211551418868,0.778718731225356,1.25048602364465,-1.04448216784926,0.906803430081822,-0.571228900566615,1.30020180655839,0.870996512166689,-3.33486891222068,-0.47699096164719,-0.824821522411303,0.00414857935360502,2.37760275965638,-0.584440229939331,-0.35356831223138,1.70117216704147,-2.00428860762024,-2.85929084296045,-1.63549004035653,-0.421282461844229,0.00822274829856884,-0.48613569977092,0.233841866798733,-0.388378790469933,-0.752942792865705
3,1,"Provinsi 01","Kabupaten 03",7951,9.00794012297783,0.37045324308318,0.137235605310846,8.97106318256395,0.0402194356276195,0.00161760300220423,1.34183582977441,80,8,0.00448324070504703,-0.0368769404138742,0.409382610346255,-1.34781742759729,-0.658747737089578,-1.8736746283631,1.29233872751225,1.14454012702988,0.207091765381476,-0.679347639985235,-0.720520726788528,-0.357787096039394,-0.198868858413364,-1.4741830136607,-0.186192150156607,-0.356682296747568,1.17370179593699,-1.19921796242832,0.0152534486774572,0.51540700729137,0.704296535133231,-0.852505034109865,0.264782366208516,0.568391948442853,1.20543951145032,0.764413704248071,0.927435724524944,-1.00370125997175
4,1,"Provinsi 01","Kabupaten 04",7429,9.38300281407514,0.377421004250641,0.142446614449562,9.35216327888204,0.0557451730864765,0.00310752432244122,1.50167152150116,80,8,0.00596067149643909,-0.0308395351931043,0.328674474517294,-0.517805228457445,0.307214239976819,-0.375762076957633,-0.121450548249778,1.42969536516202,0.637572759099195,-0.371060824604766,0.09387723051809,-0.602504694508826,-0.358303991061069,0.112373740579584,-0.73347707632366,0.715894648887569,-0.581872329033109,0.887277986417379,1.4298386039284,-0.114669665544717,0.285791998571625,-0.233847690028629,0.0183323422080284,-0.0309022961847123,-2.20572207551485,0.139066800495384,0.638421759398212,1.60280094843662
5,1,"Provinsi 01","Kabupaten 05",8111,9.6015121135228,0.365102185239052,0.133299605666331,9.54701696135026,0.0682860608491624,0.0046629861062955,2.34222139639152,80,8,0.00715260705261222,-0.0544951521725441,0.567568436390274,0.558694122875622,1.0735954789398,-1.08606150861401,0.0648260493105348,-1.00954185796604,-0.715173236052243,-0.626033870225869,-2.99214200274254,-0.0178371501377911,0.714078524356354,-0.91123950870845,1.43041229833574,-0.161127874173976,-0.329342620439492,-0.197453078078604,-1.35108789809846,0.443390227899965,-1.41186531685067,-0.875453846448553,-0.434455695749887,-1.87189043278786,-1.28084444081131,0.492949327558925,2.18951637182617,-0.247138436373467
6,1,"Provinsi 01","Kabupaten 06",7598,10.9220384531353,0.378697736289386,0.143411975470705,10.8464968335967,0.0492500425152561,0.00242556668775453,1.26834321423845,80,8,0.00454064047321763,-0.075541619538642,0.691643962459742,1.67756490106025,-0.303876044039596,-1.20963163160859,0.378941072331382,0.361761653296614,0.218116277516885,-1.84639355710977,0.926045432295627,-0.427747996639931,0.717535337907112,1.97471623476238,-0.883686579967491,0.798548935635763,-0.945413098620572,0.314195157597549,-0.745562443486248,-1.73924904243594,0.344086341126419,-0.347629141135425,0.225191866663686,0.374683288639724,1.10066676333054,1.39025251925645,0.811169454008451,0.935940404224014
7,1,"Provinsi 01","Kabupaten 07",6794,11.3941602122633,0.370004328097025,0.136903202810531,11.4114148922173,0.038896078030398,0.00151290488614681,0.937565475633952,80,8,0.00340852369296691,0.0172546799539841,0.15143441581077,2.36789529569109,0.300126691133939,-0.267195881528275,1.13673745242885,-0.0653709603290089,-0.0865861918909665,2.1339107295992,1.076074596704,-0.887375961350236,1.49407906299451,1.20650955127793,0.102639329245488,-1.02407024527485,2.13226182906621,0.459028010240826,-0.299041888301593,-0.491515772331691,0.291593646701819,-0.0633100121991598,-1.35167472501212,2.66396051461216,-0.285324334800793,1.47212281247463,2.33774443171504,0.318036143221668
8,1,"Provinsi 01","Kabupaten 08",8002,9.25747525092159,0.372764787336296,0.138953586677874,9.21729004480715,0.0507591720548067,0.00257649354768947,1.28265477558946,80,8,0.00550695180558016,-0.0401852061144456,0.434083862232796,-0.527154043316879,0.051819728499948,-0.896947426910592,-0.270040944792266,0.0085206394625309,-0.387109191333552,0.589183310381135,0.339242194711582,-1.07237815162143,-0.884052620740425,-0.161543840146082,0.173019024684171,0.136135369470696,-0.739654103685702,-0.0220244517224324,0.979081703456106,-0.262139542384256,-0.696888208341611,0.0558314834591294,0.768318078642767,-0.903450946146368,-0.239193130897236,-2.1282184712258,0.957301953843999,2.14424223012583
9,1,"Provinsi 01","Kabupaten 09",7676,9.99554102363075,0.370673362074368,0.137398741351516,10.0648610474136,0.0479083487549438,0.00229520988042533,1.46557208324763,80,8,0.0047599612681444,0.0693200237827973,0.693509472062751,-0.499367396863375,-0.0196374678857498,-0.309186339689102,-0.433494500569462,0.347024459549806,-0.90169811535575,-0.348452915265096,-0.0956856997940461,1.04048153666453,-0.0845043398119872,0.907875288834337,0.725804554258597,-1.24793771928645,0.658804709525896,1.27602084333238,0.475953428023495,0.451063153182644,-0.85316197900889,-0.723443137707853,-0.00105575018481226,-0.191862086180508,-0.64360603162281,1.0352727188547,-0.373726319973379,1.16764157858501
10,1,"Provinsi 01","Kabupaten 10",7460,9.78267452730467,0.372554613906401,0.138796940342948,9.81905128070327,0.0590215470975912,0.00348354302179318,1.84942737081222,80,8,0.00601092156566922,0.0363767533986046,0.371848754623007,-0.229295470100259,-0.300076057468021,-0.409723675206422,0.298732462260466,0.567445575665087,0.143471453700136,-0.792984105686092,0.27945101572026,-0.969685772352362,-0.843296610225184,-0.280932902064671,-0.738748880699873,-1.0862254035414,2.21923398434073,0.264400323460253,1.40947052694889,-0.18666685782075,1.53883875334379,-0.776997287231827,0.0918264865823588,-0.225005435053797,-0.0422454326415987,0.97533826717753,-0.770759818542699,-0.154643362052968
11,2,"Provinsi 02","Kabupaten 11",7686,12.8750100881769,0.368679055021291,0.135924245611392,12.9386170257526,0.0511643623792393,0.00261779197767412,1.57821476340459,80,8,0.00395439190119032,0.0636069375757113,0.49403407950819,1.47045773817301,-2.74569668702294,1.31947937672711,0.166572736366221,-1.91187607766488,-0.457904422824124,-0.463279325233486,0.0300360447723009,0.829749817427686,1.88438824355621,-1.23513814285454,-0.658933527079398,1.16139362759315,0.110411396386018,1.56699122687921,0.744013203058878,-0.733988624453691,-1.07979013332697,-0.850711091620274,1.64420256164572,0.54157399552872,-0.881785332473386,0.947544216380468,-0.806233417421375,1.00347885954001
12,2,"Provinsi 02","Kabupaten 12",6803,10.3335840859991,0.359728645577284,0.129404698448867,10.306741400491,0.0641550348126396,0.004115868491811,2.6158247132244,80,8,0.00622457014489404,-0.0268426855080666,0.259761620795592,0.0231071403525501,1.10949111681678,2.27451913109347,0.26505280348265,-0.291257981972135,0.794520136408752,-1.15951989400318,-0.238328503713444,1.23151298216308,-0.105127085503653,-0.859062637640848,-0.869144064913919,-0.240144973012225,0.131315623387927,0.207348020282944,1.63406752465068,-1.33006396950516,-1.85011353618451,-0.573174991037298,0.88771414621961,-0.536239947585643,-0.33101232786457,1.0973160493516,-0.0448719428509866,-0.192972181709465
13,2,"Provinsi 02","Kabupaten 13",8112,9.39681544621541,0.36721650830581,0.134847963972311,9.50337796463699,0.0716266217838889,0.00513037294817226,3.10072722576257,80,8,0.00753696444047775,0.106562518421581,1.13402800163006,-1.67249202504542,-0.862646760272801,0.360334326212642,-1.03682397834148,-1.39075684659926,1.48588868095114,-0.351430993589976,0.791733447905272,-0.894946297478931,-0.838005093023302,0.37046149095726,1.01548721002594,-0.6681775376158,-0.056753650739944,1.76520329997092,-0.0473983707282788,0.0627510019023773,0.538196563329606,0.926807165612815,-2.61768968735886,-0.646499425794802,0.512022876371739,-0.340628858585176,2.62861054779942,0.145557558582351
14,2,"Provinsi 02","Kabupaten 14",6782,9.04610366540498,0.370695433338935,0.137415104298341,9.04251863483257,0.104853529421833,0.0109942626322153,6.32135358435589,80,8,0.0115956110964404,-0.00358503057240789,0.039630659839972,0.50805283466144,1.38821614976423,-0.850636903620848,1.52547929217697,0.328558633912951,-1.04810651461062,0.705968994128826,0.754107346777191,-0.516184289361616,-1.54406553214214,0.680062267056223,0.265345911030211,0.982662954087098,0.183876014825865,0.82082320480899,-1.54105074298047,-1.3901639320307,0.412367555543793,-1.32264299031476,-0.950819922085739,-0.624125484876565,0.174136706335167,1.5565762919038,-1.23050908396029,0.114552646078538
15,2,"Provinsi 02","Kabupaten 15",7941,9.90954649441367,0.370909320579141,0.13757372409248,9.88926785358723,0.0590260119750848,0.00348407008968285,2.43160878446605,80,8,0.00596869382536481,-0.0202786408264402,0.204637425515606,-0.929650245662733,-1.21893091950199,0.0172332253670982,0.741610061493453,0.377863797343071,0.371386029145694,-1.07960010084746,0.783166010670348,-0.723257251391146,-0.337627229566782,-0.0937345115632056,-0.691561222378951,-1.35471257324806,-0.487757671497087,-1.55745190188295,0.0304820955545122,2.00685204658114,-0.465240868816315,-1.57693910836535,-0.521005603577952,0.153602013875461,0.0538716621585479,-0.448661021482977,-0.0637997917300477,-0.785224549471999
16,2,"Provinsi 02","Kabupaten 16",7437,11.0735026407078,0.373024466970626,0.139147252958719,11.0268475624807,0.0526505910571997,0.00277208473867247,1.44939291362456,80,8,0.00477476366285732,-0.0466550782271415,0.42132177813035,0.344886306954269,-0.25127423855874,1.83097365564438,-0.294618101527729,-0.61511871080996,-1.10127976639503,-1.26911203105787,0.993137965203851,-0.062294527803425,0.501074907532048,-0.895861779612046,0.631083866521611,0.196067076441631,-0.212571517999086,-0.206986812308486,-0.609257467954351,0.432896591453452,0.661003963912307,1.2087589104289,1.03773493172073,-2.03240637213734,0.647376019266794,2.93427481455279,-0.662400961970436,0.792282279755352
17,2,"Provinsi 02","Kabupaten 17",7638,10.689622837329,0.369768416383943,0.136728681755089,10.6219139610156,0.064010033471163,0.0040972843849794,3.12370103636051,80,8,0.00602622405962724,-0.0677088763133877,0.633407533116537,0.416516866985448,-0.265723509034298,0.237870051395667,1.02427048922943,-1.31353299769765,1.01467650061992,-1.97120439437396,2.22600207921327,1.65067477983868,-0.722373184780428,1.49680381516499,-1.09773017011883,-0.391946760782579,0.256733851311209,-0.0791739112834046,0.294618449521842,1.69026818990972,1.90110553473499,-0.0283303695944482,0.067282749629131,1.68189121993896,-1.56565058437413,1.45323747482862,1.43808403047369,0.457645052147894
18,2,"Provinsi 02","Kabupaten 18",6695,12.5298575506149,0.371363360446058,0.137910745481789,12.4662821397758,0.0753829404246773,0.00568258770707044,2.35310199616519,80,8,0.00604694644156617,-0.0635754108390625,0.507391329727788,2.29100338150006,-0.586383242485621,1.49094570793583,1.34312063396986,-1.33654593180815,0.498136776926366,0.0711108259702362,1.57758446667446,-0.0859231237456482,-0.0367343933252639,0.683796288358641,1.03515745984002,0.351027763145535,-0.781955341343402,-0.206165953796599,-0.441045448049336,-1.72775093188908,-0.497243751762416,1.31514157584889,0.360794089978907,0.544080932330602,0.688751222129457,-0.388183449539013,-1.58413251108724,0.466972067976043
19,2,"Provinsi 02","Kabupaten 19",7643,9.60656787780883,0.369771123432369,0.136730683724436,9.64645392488478,0.0876811800455306,0.00768798933417676,3.64214347793451,80,8,0.00908947274597364,0.0398860470759441,0.415195599336584,0.680208942806442,1.33497625279964,0.0144357400188961,-1.35688785228914,-2.95144862723178,-0.509421661073674,0.523268574252453,-0.453993117593994,1.3735695507083,-1.82531408176345,0.538044654747587,-1.21170593326896,-0.72807235394668,-1.36447644359235,2.00416989816849,-0.0444936902119613,-0.139663678508488,0.330068083777572,0.872529085628565,0.710633575634671,-0.57464353369212,-0.302086782826199,-0.770957226240682,1.41715995766905,-2.18630035349673
20,2,"Provinsi 02","Kabupaten 20",7538,8.87096836939252,0.367197819601673,0.134834238720223,8.90237557638949,0.0637519704769742,0.00406431373969699,2.51418385703229,80,8,0.00716123128370976,0.031407206996974,0.354044853832849,-1.56734575047086,-0.00622968640196098,-0.0649324478987272,-0.579556530006397,-1.43929152216817,-2.09490800690264,-0.77455445955775,-0.449283907620885,1.67413517329093,-2.88913825076232,0.0955658408440695,-1.36952989035854,1.33517146753021,0.164984108685424,-0.339775034566687,-0.881024597690529,0.604694843746735,1.00349789437172,-0.212539003856635,-0.81334061588865,1.54504000191982,0.551126104952921,-0.773890752831628,-0.382935786750779,0.519940463741956
21,3,"Provinsi 03","Kabupaten 21",7551,9.86362080287508,0.374810649707876,0.14048302313444,9.83852220746914,0.0531604520004778,0.0028260336568951,1.93076563514269,80,8,0.00540329643817034,-0.0250985954059395,0.254456207386072,0.393865711838105,0.432132366012194,-0.277153501997238,0.862561699220898,2.82296781630931,2.45792738581455,-0.54596664665424,0.207914722723999,-0.425140104900693,-0.539342721977581,-2.48100589295678,1.22697016354518,-1.05102110525001,-0.6671164939967,1.07380755062156,-0.495796756346604,0.92767832310282,-0.72294083203947,-1.3729381178604,-0.87416598216949,0.875589859045188,2.89465509343137,-0.082295569545064,0.261151866349058,-0.541005700241561
22,3,"Provinsi 03","Kabupaten 22",9050,10.1486172924267,0.373852544564758,0.139765725077544,10.1198848020756,0.0691023141006972,0.00477512981407141,3.04295513429035,80,8,0.00682836963584053,-0.0287324903510484,0.283117290987905,0.719059659079291,0.584825274700717,-0.29887498158884,0.414829965267911,-0.142310602292934,0.598783928250454,-0.615483624187272,-0.244611955854294,0.691912789037992,0.525612673117675,-0.315294053603182,0.196509571842292,0.900683509625636,0.840982391118765,2.3066583446386,-0.534271680173821,-0.777740434488183,0.314608566872073,0.447185718845591,0.461927121694397,0.010042372188312,0.233708296614372,-0.0922059176250316,-0.0400013626874395,-1.44707082284147
23,3,"Provinsi 03","Kabupaten 23",7730,10.8778831222109,0.369063051063,0.13620753565993,10.942341003622,0.0732556629929765,0.00536639216054055,3.42184355236988,80,8,0.00669469750291352,0.0644578814110801,0.592559054798697,1.61292647702134,-0.84015977469549,-1.19589666554565,-0.214387143571376,0.336551872972114,0.552274590368309,-0.769972650400426,-0.709762673903192,-2.3511649702093,2.22429382637133,0.929959581292552,1.03188317389406,-1.43613470914823,0.394364141935243,-0.0164371116094829,0.792746510816934,-1.9341911761658,0.0980216757993681,-1.14438214273376,0.75712920451868,-0.10777183706852,-0.499690467925192,1.05630950267076,1.05431912084441,1.14291124773475
24,3,"Provinsi 03","Kabupaten 24",8028,11.2203401866757,0.367017735578546,0.134702018229203,11.162389250254,0.0547396631825942,0.00299643072534386,1.95184912901039,80,8,0.00490393785374833,-0.0579509364217135,0.516481100016297,0.384316672340534,-0.6341552099579,1.22718774486136,0.0987967998172369,0.749885349892786,0.281780976422548,-0.558578943076159,0.760727364713891,-0.561939177629522,0.371012843151279,-1.04171179612989,-1.12811620124516,-1.60247381203185,0.470775948588281,0.811376734401509,-1.19750902915635,-1.06385889379589,0.156949483827605,-0.0469859162023997,-0.0884243549959216,-1.96914215585753,0.019976843101048,1.39071100849123,-0.686417360117435,0.0199823118984636
25,3,"Provinsi 03","Kabupaten 25",7462,8.66584862134806,0.372843615630696,0.13901236171657,8.67924570721935,0.0539198637244083,0.00290735170405877,1.54213391162833,80,8,0.00621250573417435,0.0133970858712882,0.154596352378979,-1.55784951882794,0.999580306239166,-0.0298317505581523,0.0116570274417478,1.9903396112801,-1.1101428982342,1.62188234547974,-1.14970658588408,1.45611161547501,-0.886322707631606,0.391884532554483,0.616877183960451,1.14628512985786,0.534666229912775,-1.17394092131722,-0.264963876475596,-1.54484080563534,-0.621610000004552,-0.806870515659455,1.40230059878247,-0.206058411311176,0.47354598602115,-0.00127373350731646,-1.19831675257234,-0.660470322456927
26,3,"Provinsi 03","Kabupaten 26",7915,10.7315869533431,0.366396734808357,0.134246567278225,10.729320123481,0.0635196380821608,0.00403474442208869,2.28325505915434,80,8,0.00592019227230891,-0.00226682986208004,0.0211229697148741,1.74324244769796,0.138117954477751,-1.63800653446778,1.38905806867937,-0.0403528243448615,0.900349873367238,-1.31951314304382,1.40957114437169,-0.74165800521559,-1.25564506238453,0.0951266957108099,0.772259418953066,0.482944769778482,-0.0321812558437084,0.0750037709142918,-0.410606278351232,-0.574582901533222,-1.15100951249527,0.961931389965826,0.298978201945006,0.923705514045042,0.371063768012563,0.243314442172369,1.66335511300306,1.86610568748076
27,3,"Provinsi 03","Kabupaten 27",7060,8.98055822617845,0.370816385742575,0.137504791935186,8.88870722106392,0.046344441202151,0.00214780723033963,1.11194755168796,80,8,0.00521385619410736,-0.0918510051145311,1.02277612149748,-0.478342513094108,1.08034842914612,0.121943132768037,0.189358308501071,-0.0667830697645877,-0.453178201748017,-0.756735965020585,0.18892132033808,1.83457252789661,0.637770711069536,0.679418626571859,0.1069312305168,-0.137731414863038,-0.174506179386332,-0.898541393612628,0.169743590715159,0.244398826140017,-0.0897079719327573,2.17403428462942,-0.975187044466265,-0.658634679819414,-0.018951699016172,3.17385918446724,0.801520971000779,-0.00856073513390732
28,3,"Provinsi 03","Kabupaten 28",7656,9.26683907660738,0.36747372177007,0.135036936191547,9.29920068911334,0.0817483097720427,0.00668278615058585,2.94613665467628,80,8,0.00879089639045495,0.032361612505964,0.349219536871592,-0.467148712562964,1.80529509089579,0.572623708947114,-0.59113835352172,-1.01770528348119,-1.98272215991997,-0.104242234051773,-1.07969045773397,1.63911375063994,1.9289049780672,-0.55000681761538,-0.494228062831141,-0.0400504541028388,0.69580174038992,1.13890545872771,0.616706371015046,-1.61165612173155,1.24761379240844,0.69921925568442,-0.150720373723205,0.686382563143479,0.956244087593892,0.00960517796044161,-1.01449443504856,-0.038896065754496
29,3,"Provinsi 03","Kabupaten 29",7208,10.6877059846785,0.355710838984072,0.126530200970752,10.6213308777672,0.0404695916685298,0.00163778784981754,1.05372732569984,80,8,0.00381021852480293,-0.0663751069113214,0.621041662321871,1.0701600613739,0.463708530685689,-0.143937707101003,-0.7985875582215,1.23003879621589,-1.81247675140976,0.281453682531637,-1.52505188584363,-1.97983718126535,0.598696749829921,-0.398427997782063,-0.0128335265365381,-0.31703091251635,0.842224659505425,-0.426915359319242,-0.182156293821307,0.836141095850208,0.858451518689256,0.138225190061324,0.682591835489662,-0.424048843984309,-0.705673412181836,-1.69538669520169,-0.852633574879122,0.731814614477262
30,3,"Provinsi 03","Kabupaten 30",7576,9.5684269034589,0.365264671913813,0.133418280548306,9.56020969619562,0.0614561663631101,0.00377686038405027,2.17018081764449,80,8,0.00642832828108006,-0.00821720726328046,0.0858783512293961,-0.492874063967275,0.259727896247544,-0.174050974716496,-0.628223122700068,-0.815936017481511,0.417413307972868,0.79418154075065,0.407066871972616,-0.71280209847537,0.955871300187609,-0.0381873578243762,2.48590915169487,0.0250595508260321,-1.07515790197257,0.943110013658181,-0.988458090329169,-1.31766820772078,2.12807816566294,0.0798777602994297,-0.87445799114391,0.567403426786098,-1.60271642646853,0.60058799483938,-0.64197341228065,-0.907672499880125
31,4,"Provinsi 04","Kabupaten 31",6646,8.96865662238618,0.372601676324331,0.138832009199701,8.99485045262206,0.0786167951929754,0.00618060048641423,2.95623001790569,80,8,0.00874020036320426,0.0261938302358828,0.292059684507285,-0.249652827272735,0.634077724514478,-2.09091541141039,-0.349768774692912,-1.08841460239902,-1.29286806303544,-0.160178674699026,-1.01465327505705,0.291958830048366,0.460407486469997,-0.125966682301463,-0.422561921005318,-0.690857901479476,-0.0104603203896344,-0.560808596732794,0.269358191989281,0.230362589105942,0.450173381491744,0.150344056163282,-0.255064619433556,-1.15456730014987,-0.418747444367006,-0.648780436617443,-1.20380434762017,1.17761495522377
32,4,"Provinsi 04","Kabupaten 32",7111,10.3341479478281,0.370140765662114,0.137004186404936,10.268191985763,0.0336587439570456,0.00113291104476595,0.867018347280055,80,8,0.00327796207976185,-0.0659559620651198,0.638233189597229,-0.0385140400409367,0.0653241768517431,0.929675833965612,0.333435367597907,-0.0647728485242076,1.33926675220684,0.990813045417702,-0.560651457932147,-0.644196813611513,-0.639753317158076,-1.20753903979397,-0.661951941998014,1.97881733394553,-0.370836658989962,-1.00772318779542,-1.0194120669272,0.0379142860346699,-0.138693454428993,0.36389739508749,-0.626972763494632,2.09538772013264,1.12120991339244,-1.04511808865302,-1.00868322473083,-0.437367531981288
33,4,"Provinsi 04","Kabupaten 33",6202,10.0203004837034,0.370339868764406,0.137151618396437,9.99572907911902,0.0316399889533059,0.00100108890096532,0.650854506494552,80,8,0.00316535079160974,-0.0245714045844121,0.245216245005566,-1.000315442132,-0.22736383584225,1.17482456179011,0.0648754276356843,1.68453876041019,1.00405728354318,1.65447919691338,-0.39589957582274,-0.556849478275149,1.46614501846081,-0.357916656327275,1.99498183347439,0.0740913930392578,0.503888682129602,-0.302459383221041,-0.705508618439312,0.557169580469633,0.139695538857179,-0.78276299973759,0.212661804844217,1.60527182574194,1.20161448987915,1.24018263122656,1.26432726043788,0.905392786499002
34,4,"Provinsi 04","Kabupaten 34",7052,10.0925971609002,0.370661642228337,0.137390053019408,10.0513525550086,0.0643094393390407,0.00413570398810176,2.09734050815283,80,8,0.00639808811670779,-0.0412446058916078,0.408661965142075,-1.66377927036992,-2.00206639015441,0.541451827497793,-0.254312897472856,0.681098592009829,1.08379450996924,1.1571574014868,0.236229793176771,1.32925594983776,-0.193367382179587,1.6222291922874,-0.781961296991241,-0.85493048835517,0.203579828058318,0.97689653850692,-1.72195179315306,0.648333304601639,0.646017472293984,-0.455429191505892,-0.365399049176796,-1.66400284736529,-1.35254789572831,0.168113238098302,1.81232818105701,0.337009215668079
35,4,"Provinsi 04","Kabupaten 35",6570,9.50138135302572,0.374241534266321,0.14005672597001,9.56487212398008,0.0634984698004527,0.004032055666999,2.20880555237791,80,8,0.00663871602018136,0.0634907709543615,0.668226740884817,-0.158265048141617,0.313621470404072,-0.248317046282688,-0.689526377047223,-0.569401282664559,-0.125671091888527,-0.438345220284572,0.601274682643968,0.729416499592267,-1.2502183558438,0.234897953842387,0.224574261853269,-0.0859273207766617,0.439198210712477,-0.235888256105733,-0.2997779900511,0.206798961737402,-1.11196585266964,-0.0827483913900074,1.1537290541841,0.166305083093198,-0.043850690314907,-1.37838398993505,0.822713728983651,1.62965537454167
36,4,"Provinsi 04","Kabupaten 36",7557,9.64796977188019,0.368825450202448,0.136032212717038,9.55686130940626,0.0601556997239314,0.0036187082092758,2.2035309366294,80,8,0.00629450378909691,-0.0911084624739331,0.944327818475098,0.149673091199643,2.12868836386763,1.45684888287953,-0.585349346432916,-1.16422921623086,-1.56636631565692,1.25416904581299,-0.323661503062751,0.313568195177086,0.368227108830866,0.0124101964281169,-1.01033333169233,-1.21138094474157,1.66676953582874,0.139806346927358,0.11511347045971,0.431676384157254,1.17922737171637,-0.355088817322974,-0.0930095148016228,-0.406282266848802,0.464988342858773,-0.587198416343966,-0.346599452743476,0.680261269573827
37,4,"Provinsi 04","Kabupaten 37",8376,9.06484647663813,0.371725758923357,0.138180039847145,9.06724096740861,0.0262668926251588,0.000689949648181624,0.362271710163483,80,8,0.00289690024998485,0.0023944907704827,0.0264151276765003,-0.00902648466719838,1.19897759328718,-1.19506388816287,-0.261954042573691,0.739924067896498,0.321886263332835,-1.5395525527921,-1.12220056301125,1.88732181451096,-0.0695006239630746,-0.263917811173763,0.163844079769283,-0.810863571756814,1.01066139069641,-0.465753934073676,-0.803634921158188,-1.7796328949932,-0.323208756919467,1.45591992814036,0.874494241444805,-1.49131922091376,0.50268043666845,0.202070331740432,-0.0766932407570913,-0.651534522422206
38,4,"Provinsi 04","Kabupaten 38",8307,9.13852468920508,0.376884668401358,0.142042053276002,9.1971876802564,0.0774269176442807,0.00599492757589423,3.05630314015438,80,8,0.0084185427476372,0.0586629910513192,0.641930651241935,0.761972004585403,1.677553585782,-1.60607977604955,-1.91871244161669,-0.895868304307407,0.257728361084912,-0.757424215241552,0.286441915450499,0.0140550546529363,0.991908859786768,-0.149032480883749,-1.38099879840124,1.02751748793637,-0.370728994470347,1.54906382144795,-0.200817529661911,-0.406690088001548,-0.900540775436143,0.61292257690338,-1.85576843398899,-0.385648376368513,-0.278782975924839,-0.270466303102024,1.18945316289835,1.6606136410197
39,4,"Provinsi 04","Kabupaten 39",7730,12.0062049446985,0.373611296956176,0.139585401213276,11.9891538794495,0.0847031592359782,0.00717462518455547,3.19136604388439,80,8,0.0070649822404204,-0.0170510652489746,0.142018775520767,1.51333430129921,-0.97431995541117,1.43377630545474,0.170840295776179,-0.0790745722575842,0.587295498119052,0.529623784157891,-2.23248377165305,0.924084324520176,0.250217374906376,-0.0588657089599649,-0.419866651213912,1.63925679243671,-0.327481669786207,-0.169140573760145,1.49704103328804,-1.14431528886822,0.49832919842484,0.0688897497053946,0.294295582527407,-1.01302347947667,-0.0403928725719307,-0.413356530166603,-0.478873773547361,-0.63750797098505
40,4,"Provinsi 04","Kabupaten 40",6862,9.50871877469412,0.372492031360603,0.138750313427148,9.46435390323376,0.0917876672037584,0.00842497585070791,4.37359450032495,80,8,0.00969824967897667,-0.0443648714603562,0.466570444573731,-0.824343398622206,-0.160623291176177,-0.408773443187547,1.91330745880889,0.350291526290642,-0.473702332026054,0.310286342025115,0.399318044666456,0.133969188002613,0.476191897915879,-0.949740253030968,-1.52789830892432,-0.502658150348568,-0.1080875469723,-0.873663894047361,-1.4190967276168,-0.377586674656624,-0.308841712406062,0.62493097819664,0.312645807114295,-0.372657101040021,-0.00059858329774702,1.49212702445199,-0.0245232067614984,0.287930760426511
41,5,"Provinsi 05","Kabupaten 41",6933,10.7991468641562,0.376731542759397,0.141926655309875,10.8932008445595,0.0648023851484117,0.00419934912092309,2.44844968022888,80,8,0.00594888371867086,0.0940539804033111,0.870938987925877,-1.1675879489833,-1.61234146102304,1.74243866305955,-0.850032682571067,-1.06710867182791,2.05862781315282,0.745674580550741,1.09308556234162,-0.621020524148588,-0.691252532057843,-0.142053650868353,1.28831456508243,-1.85189664191708,-0.567297463675393,1.40023487143313,-0.672544372174072,1.21518850771103,-0.497121688805592,0.766584363757457,0.6879902342431,-0.0556461694998728,0.693310547182095,0.307254989894544,0.853924761069983,1.35065705697026
42,5,"Provinsi 05","Kabupaten 42",7390,10.497036713387,0.375593325715802,0.141070346322257,10.5067354104294,0.0279559407614895,0.000781534623859912,0.556000882309837,80,8,0.00266076375481382,0.00969869704248616,0.0923946186652595,1.38119951493057,-0.277150723769342,-0.513025558892079,-1.77636550657248,0.729291674405217,-2.57306032279242,1.02035065659769,0.759470927829808,1.17493952613928,0.730707615925515,0.505630801110711,-0.616863104026624,1.42513767910433,0.600867684523761,-0.132136896166185,-0.677999319434284,0.685880819909887,-0.422827358915058,0.906364613528407,-0.112855185877089,0.312528709640562,-1.1141668203294,1.61591056298412,0.819740990831115,-0.581106841710876
43,5,"Provinsi 05","Kabupaten 43",7039,11.4884479371627,0.370222466161381,0.137064674450615,11.6178105508985,0.0686508012451684,0.00471293251160361,3.73807784414853,80,8,0.00590909973479116,0.129362613735839,1.12602341450649,1.28443943161313,0.0909058907994296,1.08794168343767,-0.587382064891228,-0.953580424458848,1.0019709404594,1.04359249604611,-0.565232517355787,0.88040851904152,0.742385500735656,0.296127391490909,0.977545826022912,0.0880210225661577,-0.68393842665168,-0.504378119060069,-0.0477023737122282,0.67139591608316,-0.137438963280316,-0.0189858984889883,-0.237790809560637,0.138062456921058,-3.69861774836442,0.424010680968909,0.396283572653029,-0.161183961050535
44,5,"Provinsi 05","Kabupaten 44",7492,11.3321884100192,0.375520984910378,0.141016010108061,11.2952083359892,0.0579012696037514,0.0033525570217263,1.77123310603879,80,8,0.00512617987038486,-0.0369800740299446,0.326327737343735,2.21198008857317,0.408647919696538,0.758974351333957,-0.885933389300852,0.404602491938897,-0.137848812885829,-0.329195760094416,1.78433023047573,1.35076346534127,0.518524718726085,-0.191151069884085,0.0705649651950324,-0.760795406942862,-0.147542764239243,0.0356707014883513,0.0987039752801113,-0.525465084369378,-0.418777015781605,-0.635782676727981,0.335844201855324,1.29383173439041,0.787094035945037,0.824429311096133,-1.48715627185658,1.36383145737622
45,5,"Provinsi 05","Kabupaten 45",6836,10.0663796222165,0.357351208945968,0.127699886535145,10.0807911563613,0.0354742263950299,0.00125842073832584,0.832157664051983,80,8,0.00351899229383842,0.0144115341447879,0.143165017470448,0.738642821474658,0.600308506901355,0.25905938489109,-1.1340711455334,-1.86719557842659,0.23200388030281,-0.253053737908008,0.0179067545993388,0.296230222962489,0.91000124734244,0.11608015189252,0.641295676476088,-2.59847982805189,1.4558980505709,0.484666714033114,0.642951626577851,1.80562638364558,0.338518905930209,0.928411642727233,0.070706319245708,-0.0147075913219404,0.380681412412577,0.745717631681926,0.379216800822381,-0.605317438603148
46,5,"Provinsi 05","Kabupaten 46",9138,9.55408391447899,0.372253557844157,0.138572711327633,9.55288335443436,0.0319069789625029,0.0010180553065136,0.580273217564845,80,8,0.00334003648727606,-0.0012005600446372,0.0125659357337,-1.12757623507633,-0.961603488510729,-0.427563770265298,-0.233228656573893,1.72051126706356,1.30465254668894,1.20351910575655,-0.929239728395118,-0.571172217569297,-0.169626621397325,-1.22482900463347,-0.965721700518139,1.71344675282697,-0.564912731510214,-1.60819994150706,0.550061121271343,0.189959920438392,1.37184840949104,1.36779881544029,-2.1141498502781,-0.0898765431445572,-0.319118351572684,0.581571249647004,-2.27152995213556,-1.64073537096154
47,5,"Provinsi 05","Kabupaten 47",7257,10.2865992610787,0.36279553949345,0.131620603476343,10.2925622186674,0.0701035487940656,0.00491450755352193,2.31159933489471,80,8,0.00681108817267293,0.0059629575886202,0.0579682112355845,0.294271277691784,-0.538131347311481,-1.11815177116299,0.290640925114775,-0.271188781242285,-0.572072735054414,-0.394847819311298,-1.00589390601622,0.845240748312308,0.196204044911713,2.04276089909462,-0.359825617911076,-0.102763405373182,0.062248767128112,-1.51314345030179,0.0875090270443522,0.600229822564761,1.93376321827054,0.525540585272819,-0.728430671345942,0.305878291184644,-0.262501864766089,-0.273425157848461,-1.87545502298905,-0.0497477984198276
48,5,"Provinsi 05","Kabupaten 48",7615,9.31928910457873,0.366677925483163,0.134452701036636,9.18770366771039,0.072746052582064,0.00529198816627242,2.85591570723586,80,8,0.00791776217573553,-0.131585436868335,1.41196861039202,-0.376941012212475,-0.302571365301786,-0.740086335495107,0.614667095283139,1.11658500132253,-0.178526506070648,1.79858608923735,-1.27196100313355,0.821796641587225,-0.273310901194072,0.532322713791828,0.316628093180486,-0.312301099124517,-0.167646176650103,-0.635536387378495,-1.30283455348459,0.862080200191516,-0.0856405531591613,1.19386810153349,-0.69767001438853,-1.15618806864842,1.05282429954464,-0.12312932368419,0.722199440549068,0.957711021057999
49,5,"Provinsi 05","Kabupaten 49",7499,10.3660023100625,0.374720729410857,0.140415625050204,10.4331921390136,0.0465094779768641,0.0021631315416804,0.947670844399916,80,8,0.00445783776979892,0.0671898289511486,0.648174937081832,-1.42815294578171,-1.48276497728502,0.779083328253244,0.917489594043616,-0.561563196817781,-1.31088277421952,0.41538611099273,1.07490593637774,-0.616490916046349,-0.297451014024885,-0.0527424301587339,-0.154034566259685,0.790146518199363,-0.230538735833566,0.493791836837454,-0.496833201512789,-0.47865207194828,-0.521321482177267,0.192686057634376,1.04654888406716,0.274682879882042,-0.319924160584824,0.282636473615636,-0.0691047058500933,0.440051191375187
50,5,"Provinsi 05","Kabupaten 50",7407,8.92237500840011,0.376847735339224,0.142014215630302,8.80993275167253,0.0401968326072772,0.00161578535165747,0.889539870614884,80,8,0.00456267190003761,-0.112442256727586,1.26022787230671,-0.415752111390247,1.43741206915253,-0.0387594684022465,0.651240157857735,0.513774993542297,0.792188547846344,-2.06902001671369,0.851636308354988,2.34185257243115,-1.14990360079508,-0.680727290164872,0.612227727971192,0.4916478967878,1.2637319263815,0.485044965581756,1.09898759205966,-0.480009360875936,0.330467237265578,-0.0194966783970472,-0.645962720206348,-3.83583519143769,0.614176739535276,-0.883575705152428,1.13817826096656,-0.465929803729122
51,6,"Provinsi 06","Kabupaten 51",9068,10.2075423353813,0.378695513792661,0.143410292166688,10.2452230528159,0.0906994480545553,0.00822638987740098,4.65311327534615,80,8,0.00885285245494255,0.0376807174345863,0.369145835466953,1.55600038108956,-0.0376841996111148,-2.22021665994875,-0.8607759412558,-1.45453233931544,1.60206466516158,-0.879269697609619,-1.23302972160042,0.060375533427815,0.0978836192188133,-0.674157846017441,-0.173510275966007,-0.21019474641599,-0.161419610865796,0.505730986898488,-0.453679850654777,0.9992346019387,-1.27794446555773,1.29390349567356,-1.17782670209803,0.54999045083958,-0.950729111831013,-0.43415702573468,-0.412680903557391,-0.914936540332055
52,6,"Provinsi 06","Kabupaten 52",6813,10.1006415257897,0.371182012195954,0.137776086177837,10.1436044351132,0.0468855444143456,0.00219825427502958,1.06585973788483,80,8,0.00462217791656447,0.0429629093234585,0.425348322814568,0.0250146578417742,1.25740859869794,1.42322043283,0.90256242729338,-1.15450233916416,0.861638036760145,1.57919313133542,-0.233640746408638,-0.451004737078945,0.545386534081999,-1.49283243656541,-0.716839023704154,-1.45679078210666,-0.606929595668957,0.720639673200926,-0.193732540728547,-1.17770298858257,-1.00286047891948,-0.328434216442379,-0.675368697244599,0.86915811158862,-1.03992809829214,-1.35938690355755,-0.495199272455612,-0.987742216224333
53,6,"Provinsi 06","Kabupaten 53",8692,11.1270672021405,0.367001876798209,0.134690377573408,11.0761956546719,0.0379148277817769,0.0014375341657218,1.07112549759356,80,8,0.00342309119158477,-0.050871547468601,0.457187384100772,2.03062319119307,0.491034792373833,-0.0839462003749009,1.87728938033752,0.955858428627902,0.29033099600119,0.66518529166616,0.293902377145396,2.64066503069644,-0.252762871971422,-0.228590342446271,-1.55296047589967,-1.06194616235194,0.43553102802713,1.09071340685602,-0.597809082121557,0.315661502060014,0.201982330843488,2.0057390473742,-0.584798771515977,-0.784469321482778,-1.19358797557088,0.526818338105288,-0.953952761846607,0.517699311919754
54,6,"Provinsi 06","Kabupaten 54",7628,9.50240361552888,0.366587949166992,0.134386724474461,9.55165519191253,0.0536478094802821,0.00287808746203264,1.57777017382865,80,8,0.00561659821281092,0.0492515763836465,0.518306508293957,1.51832012061708,1.49533483145427,-1.40272794791553,0.249765231978377,0.587388720071419,-0.0364366374813213,-0.993456617387253,0.951659452873796,-0.168156408815953,-0.181290971070963,2.03098569759299,0.248944860935967,0.693079446638264,-0.671971998904712,1.76000545978408,1.67764102811679,0.603335561882608,1.35345144557429,-1.72838537278243,-0.168775006725818,0.96581774343854,-0.661195932969422,-1.20275371531419,1.03638514710729,0.274963284743169
55,6,"Provinsi 06","Kabupaten 55",6640,10.7618227518083,0.371844319341897,0.138268197826839,10.7862403282992,0.0539918823107396,0.00291512335545676,1.5929991736295,80,8,0.00500562574793411,0.024417576490837,0.226890714091477,0.750998537122658,-1.04945674910402,-0.611921369583849,1.01029879862076,2.5796723364604,0.0500921719381004,-0.676556524362313,1.09530136575194,0.989806300097698,-0.455369029542422,0.105390713646205,0.566683318554119,-0.246125546126275,0.929494231543994,-2.1608470970967,0.770782868282416,-0.91520415417976,1.18627914298493,-0.0134437544305935,-2.04107817659576,0.603769047949636,0.569793827687618,-0.237294170569867,1.50446882894578,1.15683587563892
56,6,"Provinsi 06","Kabupaten 56",7346,8.84349023491732,0.375200819531145,0.140775654976843,8.88663260206457,0.0384502359576079,0.00147842064519572,0.802293214813588,80,8,0.00432674981394809,0.0431423671472508,0.487843215757836,-0.271327556934308,1.57789682633243,-0.385665220936126,-0.331192532487861,0.860136966286316,1.84697267563833,2.40491932831267,-0.699589645383132,0.762560819106249,0.291093974108653,0.509673472487777,0.0608253318281287,0.204114272095626,-1.33226557095142,0.109012446414257,0.776500288492887,-0.0476788089468562,1.63802336584925,-0.187238572009623,0.193596852219819,1.16564513531873,1.37399505199461,1.23640674975013,1.00031969228037,0.859313801074411
57,6,"Provinsi 06","Kabupaten 57",8220,9.92947897468987,0.364509413593964,0.132867112598615,9.93664682990392,0.0514799998443112,0.00265019038397028,1.66200367474973,80,8,0.00518082213502691,0.00716785521404617,0.072187626685317,0.554144255774083,1.16310065069349,-0.423748535086138,1.09799801995649,0.0536132431480982,0.00338790639509243,0.18066576625064,1.47185446350006,0.616392059668132,0.856766342222373,0.137916120140934,-0.534135736755572,-0.329603666967993,-0.871019803703189,0.59102778796804,-0.67465321483157,-0.626638883519724,0.250550754071854,0.392177238068128,1.82521002235256,-1.31461979850276,0.751859079713114,-0.453767707398684,-1.11471288793678,-1.82733509542079
58,6,"Provinsi 06","Kabupaten 58",7870,9.86427421754535,0.363503289269912,0.132134641310045,9.93606337835937,0.0683510168748938,0.00467186150783201,3.11790437589059,80,8,0.0068790842280416,0.0717891608140206,0.727769314100483,0.337752935042268,0.695184866777433,-0.105068936977187,0.68791950045072,0.394325342692598,0.4626940181689,-1.70333643730376,1.15128710245227,-0.877876791778874,1.02970745511592,0.984684747099557,2.21570646959536,-0.600399973536541,-0.857438877969999,-0.093956849096461,-0.646370113578364,-0.433558684775297,-1.26050402296337,-0.117368266937979,-1.3865964428103,-0.686224669587009,-0.493535765857882,-1.18140986243814,0.0246338209568593,0.334399370076355
59,6,"Provinsi 06","Kabupaten 59",8255,9.30233230525216,0.365154731532472,0.133337977960551,9.35499150533669,0.058332810346327,0.00340271676290055,1.95927277233758,80,8,0.00623547443234451,0.0526592000845376,0.566085991733556,0.156095153620774,0.726296445163294,-1.9521200492586,0.576513836040822,-0.39876662088737,0.367105821004205,-1.4420843717359,-0.273300048129244,-0.661781734592882,-0.24110298613717,1.16547811674589,-0.185232595076563,0.430871613667135,0.740486914279772,-1.20268324723999,-1.01903026018269,-0.380831889753359,0.842197298366586,0.415217253249122,1.63929748314283,-0.543936878388885,0.723354171764218,0.248096725153084,0.689588623262394,-2.1679384855728
60,6,"Provinsi 06","Kabupaten 60",7582,11.8933757786148,0.377013595387572,0.142139251107064,11.9070646265476,0.0458954557950715,0.00210639286263736,1.52071165413511,80,8,0.00385447272140814,0.0136888479327926,0.115096404818943,0.458230763150418,-1.68186356446708,1.0754275225648,1.09392961070693,0.543335428668233,-0.89786172871197,0.787080565747126,0.534516100196057,-0.608504629032716,-0.237196861087442,-2.27899552223979,-1.12493753794972,-0.172043647149998,1.52553663692098,1.21271424110936,-1.54907562467629,-1.46168202761094,2.9702055356127,0.393086290906887,0.849758090983725,-0.698583982646615,-0.607889142190605,-0.689597144821856,1.36603292287565,0.0328285265717126
