"district_id","province_id","province_name","district_name","N_pop","y_true","sd_true","var_true","y_dir","se_dir","psi_dir","deff_dir","n_sample_hh","n_sample_bs","cv_dir","direct_error","direct_abs_pct_error","x1","x2","x3","x4"
1,1,"Provinsi 01","Kabupaten 01",8486,10.3607821724115,0.357441894266768,0.127764707777015,10.2991946131533,0.0597655249657104,0.00357191797442696,2.30943689164693,80,8,0.00580293190007139,-0.0615875592582142,0.594429631212676,0.323125784751028,-0.21578957233578,1.45466067828238,1.24343045335263
2,1,"Provinsi 01","Kabupaten 02",9168,11.0200134206456,0.367500494810987,0.13505661368632,10.9809898717387,0.053790578803384,0.00289342636800307,1.71937926941128,80,8,0.00489851820570587,-0.03902354890689,0.354115257552959,0.0637404709123075,0.595849863719195,0.175548147410154,-1.72393844649196
3,1,"Provinsi 01","Kabupaten 03",7294,9.48438843658326,0.362901213346658,0.131697290648476,9.50836170587161,0.0617076942433424,0.00380783952882983,1.9547719062176,80,8,0.00648983454270956,0.0239732692883514,0.252765578388602,-0.0649302280507982,0.300962394103408,1.88041468616575,1.14288004860282
4,1,"Provinsi 01","Kabupaten 04",7275,9.47254191839783,0.35824672932764,0.128340719073951,9.42723253917874,0.0179951349220295,0.000323824880862045,0.205825036035021,80,8,0.00190884597863088,-0.0453093792190913,0.478323343506036,0.528389984741807,-0.148135988041759,1.32561522955075,0.238944128155708
5,1,"Provinsi 01","Kabupaten 05",8138,11.3896328295839,0.36080798181611,0.130182399742215,11.4856314663007,0.0400218220306884,0.0016017462386561,0.87104271680857,80,8,0.00348451211830312,0.0959986367168426,0.84285980200777,-0.800977029372007,-0.620365238748491,1.2247658087872,-1.29698967561126
6,1,"Provinsi 01","Kabupaten 06",7918,10.6862917201365,0.358381931339027,0.128437608710291,10.717223750534,0.0503839131561313,0.00253853870492458,1.75684071167363,80,8,0.0047012094110306,0.03093203039756,0.289455231128249,0.249279962852597,-0.920484689064324,0.675339646171778,-0.0151588814333081
7,1,"Provinsi 01","Kabupaten 07",7860,11.3019029408177,0.362333966126644,0.131285903009064,11.2048891309205,0.0410579593953044,0.00168575602970647,1.4947039925231,80,8,0.00366428966101973,-0.0970138098972164,0.858384737554621,0.64828298939392,0.793182893190533,0.902605400420725,1.61616294458508
8,1,"Provinsi 01","Kabupaten 08",7958,8.24599427081046,0.366861459463958,0.134587330440025,8.23877261164611,0.0199014791507115,0.000396068872386203,0.23588840261269,80,8,0.00241558786591333,-0.0072216591643457,0.0875777853728234,0.72671471722424,-0.426051796879619,1.42679719999433,-0.712617931887507
9,1,"Provinsi 01","Kabupaten 09",8187,7.95573153540071,0.365819828871699,0.133824147195719,7.88138126975196,0.0445314303944515,0.00198304829297588,1.2148332538774,80,8,0.00565020633697283,-0.0743502656487474,0.934549705679612,-0.480325670912862,-0.565737759228796,0.0702773700468242,1.10520478803664
10,1,"Provinsi 01","Kabupaten 10",7867,11.7927865843311,0.363742146011503,0.132308348785054,11.810494642879,0.0490004923498522,0.00240104825052792,1.11046211964899,80,8,0.00414889416840781,0.0177080585478944,0.150160086602626,0.40623183362186,0.673664927016944,0.614405462983996,-1.13210051134229
11,2,"Provinsi 02","Kabupaten 11",7563,10.6316979652799,0.363194303256327,0.131910101917849,10.6335388647685,0.026907103562917,0.000723992222145539,0.486885173906042,80,8,0.00253039970089983,0.00184089948863075,0.0173151973903191,0.92539145424962,-0.900816780515015,0.372680930886418,-1.37920059636235
12,2,"Provinsi 02","Kabupaten 12",7516,11.222086265651,0.361810154116768,0.130906587622,11.1811168839279,0.0599641604778279,0.0035957005418107,2.33847999460273,80,8,0.00536298485207878,-0.0409693817230696,0.365078121422665,-0.690901026595384,0.930819490458816,1.1847563283518,-0.996295589953661
13,2,"Provinsi 02","Kabupaten 13",8380,7.74228778452942,0.370238694815167,0.137076691138439,7.78115452919405,0.0710314377017178,0.00504546514197301,2.72196712585629,80,8,0.00912865018105161,0.0388667446646256,0.502005941219194,0.840540404897183,0.60138422716409,1.79568087449297,1.26583878882229
14,2,"Provinsi 02","Kabupaten 14",6393,10.9707652102218,0.366646385556446,0.134429572041606,10.9976294856312,0.0299131209935835,0.000894794807576764,0.517371516351638,80,8,0.00271996079088372,0.0268642754093822,0.244871482477375,0.17515174113214,0.423163055442274,0.510219684336334,-1.81523275654763
15,2,"Provinsi 02","Kabupaten 15",7999,7.97018704382553,0.362062523804542,0.131089271143714,7.954038455091,0.0428834539763682,0.00183899062494329,0.898390171307814,80,8,0.00539140641807189,-0.0161485887345316,0.202612418576072,0.626540081109852,0.493865557480603,1.90655942121521,0.280975949019194
16,2,"Provinsi 02","Kabupaten 16",6877,8.27176127253885,0.370352756678867,0.137161164379636,8.26695200812956,0.04208926829169,0.00177150650532986,1.15118333347787,80,8,0.00509126800909213,-0.0048092644092943,0.0581407544395704,0.939158301800489,0.147762794047594,0.536340134683996,-0.793601218611002
17,2,"Provinsi 02","Kabupaten 17",8500,11.5392920633061,0.360349838879709,0.129852006380632,11.3878786727002,0.0336469798667587,0.00113211925415406,1.00692276449974,80,8,0.00295463104532538,-0.15141339060597,1.31215493788784,0.323750711511821,-0.442964933812618,0.993144117761403,-1.92916552163661
18,2,"Provinsi 02","Kabupaten 18",8155,10.8700096425138,0.362618645261605,0.131492281891362,10.9959040580094,0.0548896978876845,0.00301287893420128,1.7403619882131,80,8,0.00499183128536873,0.125894415495594,1.15818126787309,0.74630186567083,-0.303723789285868,0.252163916360587,-1.28640080522746
19,2,"Provinsi 02","Kabupaten 19",6781,9.72512507991402,0.362580396533087,0.131464543950091,9.75952077515486,0.0474572831347071,0.00225219372252775,1.60985983821208,80,8,0.00486266531196088,0.034395695240832,0.353678692646039,-0.628506598062813,0.243132808245718,1.31979109486565,1.30417380481958
20,2,"Provinsi 02","Kabupaten 20",7148,9.4972661917958,0.358629188291178,0.128614894694389,9.36449720138866,0.0558824715169595,0.00312285062284379,2.37244031748741,80,8,0.00596748232341537,-0.132768990407145,1.3979706130785,-0.0357405776157975,-0.13487610919401,1.16090525779873,-1.42558048292994
21,3,"Provinsi 03","Kabupaten 21",6090,11.3157076551641,0.360021145146628,0.129615224952689,11.2448330563122,0.0624626769410883,0.00390158601064676,2.18757812850125,80,8,0.00555478917546269,-0.0708745988518533,0.626338192994131,0.477039785590023,-0.556750600226223,0.263611574657261,-0.466214739717543
22,3,"Provinsi 03","Kabupaten 22",6167,9.50017697593053,0.363725210346208,0.132296028641393,9.55766541613065,0.0401312599530625,0.00161051802542028,0.969092419324595,80,8,0.00419885591363475,0.0574884402001175,0.605130202792738,0.162632553372532,0.565043264068663,1.00921629415825,0.00828280579298735
23,3,"Provinsi 03","Kabupaten 23",6872,10.703346690674,0.36149687436337,0.130679990174486,10.7458067830317,0.0552085615175327,0.00304798526483519,1.86936527343112,80,8,0.00513768418065273,0.0424600923577003,0.396699215533181,0.581837776117027,-0.987897949758917,1.63527795486152,0.992742506787181
24,3,"Provinsi 03","Kabupaten 24",7747,8.95824061978313,0.360533970606055,0.129984743960967,8.89251795483754,0.069584398517802,0.00484198851708428,2.62722566333644,80,8,0.0078250501006802,-0.0657226649455911,0.733655945794211,0.911288720089942,-0.117894371040165,0.596836741548032,1.6960369348526
25,3,"Provinsi 03","Kabupaten 25",8864,10.9924145240295,0.36084145244582,0.130206553803209,10.986700024239,0.0434774968702266,0.00189029273410056,1.66306404416929,80,8,0.00395728442337608,-0.00571449979050875,0.0519858469494287,-0.745455293916166,-0.505186196882278,1.34494430525228,1.2478278754279
26,3,"Provinsi 03","Kabupaten 26",6244,11.209752924469,0.368009648920925,0.135431101698903,11.2431044098916,0.0496262255621324,0.00246276226354364,1.61538933926069,80,8,0.00441392552740786,0.0333514854226014,0.297522038597307,-0.859684283379465,0.257037034723908,1.17806978104636,1.104850679636
27,3,"Provinsi 03","Kabupaten 27",8364,9.67362431901117,0.36035099077855,0.129852836555083,9.64372793639509,0.0416396208191277,0.00173385802196073,1.38006169187401,80,8,0.00431779298355994,-0.0298963826160801,0.309050482323631,-0.0940928203053772,0.602642794139683,0.613017152994871,-1.1132899094373
28,3,"Provinsi 03","Kabupaten 28",7982,9.84845286848759,0.366439159700079,0.1342776577617,9.83042003655774,0.048324027503675,0.00233521163417594,1.24334590486638,80,8,0.00491576426276454,-0.0180328319298475,0.183103195706482,-0.351291384547949,-0.699584082700312,1.20713991764933,1.97033060248941
29,3,"Provinsi 03","Kabupaten 29",9244,11.387312164669,0.358001892335082,0.1281653549155,11.3728233562113,0.0585442805372458,0.00342743278362373,2.76380977100354,80,8,0.00514773497341552,-0.0144888084576582,0.12723642109867,-0.820067828986794,-0.975316591560841,0.458564086817205,-1.82076196372509
30,3,"Provinsi 03","Kabupaten 30",7218,9.92924445120537,0.359297571567627,0.129094744934394,9.94861322324284,0.0413955453986618,0.00171359117885267,1.3484976602748,80,8,0.00416093625008456,0.0193687720374704,0.195067934248705,0.431782378349453,0.220926303416491,1.64477198198438,1.11801884509623
31,4,"Provinsi 04","Kabupaten 31",8888,10.3541148634054,0.361593151203956,0.130749606997607,10.386957787481,0.0464520648369154,0.00215779432761299,1.41362705108972,80,8,0.00447215303916053,0.0328429240756005,0.31719682955882,0.373454859945923,0.183252940885723,1.82319451216608,-1.93277608044446
32,4,"Provinsi 04","Kabupaten 32",6507,9.54304488802741,0.369162992287393,0.136281314874582,9.5181599049118,0.042446141419275,0.00180167492138509,0.983634167946915,80,8,0.0044594902631727,-0.0248849831156051,0.260765650875492,0.524436543695629,-0.0605482426472008,1.50922312075272,0.720545617863536
33,4,"Provinsi 04","Kabupaten 33",6837,9.84251544663934,0.358646885594018,0.128627588546289,9.8529112099258,0.0459839789334676,0.00211452631855359,1.66450702566088,80,8,0.00466704489198517,0.0103957632864571,0.105621000473072,-0.242454002611339,0.02156803291291,1.91732382634655,1.9051961293444
34,4,"Provinsi 04","Kabupaten 34",7677,8.11990168585317,0.362615972157666,0.131490343263849,8.10012992836761,0.0481419363475673,0.00231764603529322,1.40036520783946,80,8,0.005943353597202,-0.0197717574855591,0.24349749849812,-0.532859932165593,0.012569532264024,1.02848508534953,0.569381107576191
35,4,"Provinsi 04","Kabupaten 35",8446,12.1093244618971,0.370762050993169,0.137464498456661,12.0247071814487,0.0662911249873539,0.00439451325208897,2.6278483739019,80,8,0.00551290971056871,-0.0846172804483949,0.698777877450137,0.285984100308269,-0.87153044436127,0.904487707652152,-1.02027490641922
36,4,"Provinsi 04","Kabupaten 36",7799,8.14512056288388,0.355838710941467,0.126621188204485,8.147862706663,0.050140145026509,0.00251403414327935,2.38055600042211,80,8,0.00615377882907947,0.00274214377912863,0.0336660919621518,-0.697747925296426,-0.0123892212286592,0.993839915376157,0.119644171558321
37,4,"Provinsi 04","Kabupaten 37",7334,7.04356695037311,0.365284351563441,0.133432657497124,7.04262942762953,0.0381484295413674,0.00145530267647267,1.0373143872275,80,8,0.00541678785365364,-0.0009375227435795,0.0133103404877814,0.90957141155377,-0.735767999663949,1.89036311069503,1.26068427041173
38,4,"Provinsi 04","Kabupaten 38",7521,9.82112023724711,0.364274397834453,0.132695836917653,9.86651080808156,0.0618845167486906,0.00382969341321897,2.36140507313827,80,8,0.00627217847853586,0.0453905708344582,0.46217304887799,-0.472823290154338,-0.99628721550107,0.408430937677622,-1.77621250133961
39,4,"Provinsi 04","Kabupaten 39",8867,10.1280375770392,0.365419012185736,0.133531054466799,10.1859892454406,0.0461555231803037,0.00213033232004755,1.48681103376959,80,8,0.00453127546752158,0.0579516684014632,0.572190495549137,0.047303207218647,0.210323806386441,0.936337732244283,1.90561412740499
40,4,"Provinsi 04","Kabupaten 40",7379,8.97828753842268,0.367790030552404,0.135269506573738,8.96632215295057,0.0362181794136289,0.00131175652003781,0.802221515658527,80,8,0.00403935736367787,-0.0119653854721147,0.133270241356257,0.838203971739858,-0.0307450145483017,0.986088290810585,-1.8604701673612
41,5,"Provinsi 05","Kabupaten 41",7540,12.6326038762029,0.365846617294828,0.133843747386068,12.6028497286804,0.0903965761232326,0.00817154097480338,3.96068435304618,80,8,0.00717270919429567,-0.0297541475225547,0.235534556566006,0.290574466343969,-0.91297222301364,0.323338832240552,-1.27488643396646
42,5,"Provinsi 05","Kabupaten 42",6624,11.1253824531024,0.368517601104152,0.135805222323559,11.1467436753031,0.0368317292255366,0.00135657627774325,0.778408497347302,80,8,0.00330425910009411,0.0213612222006976,0.192004385383991,-0.703501234762371,0.664390987716615,1.77320105675608,-0.493697725236416
43,5,"Provinsi 05","Kabupaten 43",7201,11.3573332073951,0.370579888915375,0.137329454068532,11.3872076743553,0.0544976555232552,0.00296999445753138,2.28885024089746,80,8,0.00478586648120832,0.0298744669601643,0.26304121235707,0.719833382871002,-0.555773938074708,0.412221492268145,1.98648235294968
44,5,"Provinsi 05","Kabupaten 44",8805,10.7422381150672,0.365611112689277,0.133671485721891,10.7625101676782,0.0649062856645559,0.00421282591876893,3.29188764565549,80,8,0.0060307757812375,0.0202720526109523,0.188713491488505,-0.974982756190002,-0.289665986318141,0.244608545675874,1.72931408975273
45,5,"Provinsi 05","Kabupaten 45",8645,9.99195585852065,0.366010957513879,0.133964021020226,9.98091130531691,0.0453354283451457,0.00205530106323784,2.27559603039079,80,8,0.00454221332685275,-0.0110445532037335,0.110534447510747,0.773170404136181,-0.125419325660914,0.375729540362954,1.15194522030652
46,5,"Provinsi 05","Kabupaten 46",7513,9.49115209312894,0.360557214131132,0.130001504662003,9.52981757219642,0.029725829879581,0.000883624962029792,0.527166135810257,80,8,0.00311924437738527,0.0386654790674879,0.407384463846907,0.695531318895519,0.514267472550273,1.09801395097747,-0.541526318527758
47,5,"Provinsi 05","Kabupaten 47",7407,11.0188487079177,0.365336780356383,0.133470963081168,10.869754395605,0.0279399694278537,0.000780641891629398,0.370695998349357,80,8,0.00257043245053916,-0.149094312312766,1.35308430367714,0.428963698912412,-0.861667587887496,1.4831619495526,0.869456633925438
48,5,"Provinsi 05","Kabupaten 48",8151,8.63175483668444,0.361975246205078,0.131026078865227,8.73450222143009,0.0740530648616612,0.0054838564154054,2.97402745040311,80,8,0.00847822382825343,0.102747384745655,1.19034178668959,0.86206900049001,0.873243401292711,1.26955534471199,-0.624701004475355
49,5,"Provinsi 05","Kabupaten 49",8245,9.52753482284041,0.364923512122206,0.133169169699606,9.51531542320439,0.0478884101259942,0.00229329982439542,1.24042849511057,80,8,0.00503277169448442,-0.0122193996360203,0.128253528989751,-0.0830761911347508,-0.774239708203822,1.2255664174445,0.177152401767671
50,5,"Provinsi 05","Kabupaten 50",9145,9.43627314042764,0.366165323560686,0.134077044178302,9.42640793196415,0.0573248154638203,0.00328613446796105,1.79830647543069,80,8,0.00608130009623673,-0.00986520846348782,0.104545600966366,-0.0111715970560908,-0.286435178015381,1.15158769581467,-1.10796839091927
51,6,"Provinsi 06","Kabupaten 51",7107,9.77601384788046,0.35854716324743,0.128556068272779,9.79859576779083,0.0441521164578876,0.00194940938771087,1.1502937263711,80,8,0.00450596366093812,0.0225819199103672,0.230993125232358,0.360315688885748,0.315468937158585,1.67569519020617,-0.749555948190391
52,6,"Provinsi 06","Kabupaten 52",7326,5.20050338962222,0.363183335699504,0.131902135329819,5.2282393682053,0.0411050191624735,0.00168962260034731,1.06991095972138,80,8,0.00786211500040473,0.027735978583082,0.533332573889483,0.919579757843167,0.129183922894299,1.86124127311632,-0.30593603849411
53,6,"Provinsi 06","Kabupaten 53",7390,10.6744006507392,0.36328619589677,0.131976860129146,10.6348629866209,0.0362133864423008,0.00131140935761941,0.90747895371042,80,8,0.00340515778039252,-0.0395376641182832,0.370397040657689,0.0251139337196946,-0.61153270304203,1.45877406187356,1.71275295782834
54,6,"Provinsi 06","Kabupaten 54",8105,7.71474225990166,0.373120149253311,0.139218645778813,7.62822362588519,0.0641676877312475,0.0041174921487749,2.88517828528595,80,8,0.0084118781617131,-0.0865186340164712,1.12147147761712,0.811567692551762,0.101504214573652,1.85082397516817,1.89090664498508
55,6,"Provinsi 06","Kabupaten 55",7868,10.6757877993732,0.368530610338925,0.135814810756781,10.6120261428862,0.112062381004497,0.0125579772363971,5.73427701668853,80,8,0.0105599420408156,-0.0637616564870882,0.597254813277869,-0.795349773019552,-0.033844449557364,1.06420490983874,1.95299047231674
56,6,"Provinsi 06","Kabupaten 56",7857,7.43284960927466,0.357919753187791,0.128106549722009,7.51434480906484,0.0593028149250828,0.00351682385803863,2.25186766846257,80,8,0.00789194752595644,0.0814951997901838,1.09641932871203,0.905358986463398,0.907357728108764,1.91501473728567,1.1760780159384
57,6,"Provinsi 06","Kabupaten 57",7031,9.72279747670237,0.360558447097307,0.130002393773221,9.70092574363673,0.0431576489329323,0.00186258266141823,1.23038878992883,80,8,0.00444881757405898,-0.0218717330656428,0.224953086990155,0.979911779984832,-0.45021909987554,0.0174521207809448,0.895086217671633
58,6,"Provinsi 06","Kabupaten 58",5893,9.7225970904041,0.36757142195355,0.135108750236955,9.76780254722549,0.0224423966673758,0.00050366116817584,0.26083855773032,80,8,0.00229758910040114,0.0452054568213924,0.464952485442484,-0.689813751727343,-0.630622437223792,0.788405830040574,1.2744346819818
59,6,"Provinsi 06","Kabupaten 59",5785,12.5597750957639,0.360727760902339,0.130124517485615,12.4638112171974,0.0199934585742009,0.000399738385758287,0.301383753734349,80,8,0.00160412078021643,-0.0959638785665771,0.764057300667294,-0.828742362558842,-0.334935306105763,1.71536277094856,1.66214936599135
60,6,"Provinsi 06","Kabupaten 60",7103,10.8229972761587,0.366533568673516,0.134346856964543,10.8671251764142,0.0374040209237507,0.00139906078126438,0.878651712415561,80,8,0.00344194258523235,0.0441279002554964,0.407723471876899,0.351553786545992,-0.221782281529158,1.2481393716298,-1.65062526706606
