"district_id","province_id","province_name","district_name","N_pop","y_true","sd_true","var_true","y_dir","se_dir","psi_dir","deff_dir","n_sample_hh","n_sample_bs","cv_dir","direct_error","direct_abs_pct_error","year","x1","x2"
1,1,"Provinsi 01","Kabupaten 01",7869,12.959833652982,0.359940571315923,0.129557214879233,12.9833688064169,0.0364102514195969,0.00132570640843826,0.602291408025655,60,6,0.00280437627263593,0.0235351534348602,0.18160073705456,2021,1.07358375039145,0.812563307909295
1,1,"Provinsi 01","Kabupaten 01",7243,12.646008493764,0.367903984915508,0.135353342116711,12.6149121084906,0.0386118296845203,0.0014908733915864,0.646886339373404,60,6,0.00306080845846974,-0.0310963852734094,0.245898816917162,2022,0.275709598094832,0.895341082685627
1,1,"Provinsi 01","Kabupaten 01",6862,12.7409290729305,0.365578354671974,0.133647533404668,12.7910711284989,0.0711478305686697,0.00506201379462813,2.50460313943448,60,6,0.00556230434917607,0.050142055568374,0.393551014069346,2023,1.50424408053543,0.701674528513104
1,1,"Provinsi 01","Kabupaten 01",8483,12.1921641748763,0.367848841797509,0.135312770411769,12.1928054035069,0.0676699363896947,0.00457922029098532,2.20777718126772,60,6,0.00554998904273757,0.000641228630577473,0.00525935036126576,2024,-0.588773484955249,0.749593934835866
1,1,"Provinsi 01","Kabupaten 01",6406,12.9443576321007,0.366847826704846,0.134577327958069,12.8835649239857,0.0772008797832629,0.00595997583930982,2.49781992111982,60,6,0.00599219860642264,-0.060792708114981,0.469646388355504,2025,1.20037021089254,0.489323741965927
2,1,"Provinsi 01","Kabupaten 02",6926,12.2097874439557,0.365209371019186,0.13337788468023,12.1533599270601,0.0295337012809062,0.000872239511349803,0.338442594876631,60,6,0.00243008529807036,-0.0564275168955675,0.462149870786665,2021,0.177699798606427,0.612907378794625
2,1,"Provinsi 01","Kabupaten 02",8361,12.8413469002948,0.360453125818745,0.129926455912504,12.8235016534082,0.0539857740181284,0.00291446379633642,1.42577941967685,60,6,0.00420990892170081,-0.0178452468866066,0.138967096093299,2022,0.707065066103741,0.835053213499486
2,1,"Provinsi 01","Kabupaten 02",8507,12.9787068227464,0.363544045098205,0.132164272726366,12.9901352633274,0.106143801507902,0.0112665065985489,4.84767833522191,60,6,0.00817110825685997,0.0114284405809588,0.0880553104175942,2023,1.25194681750688,0.699591223942116
2,1,"Provinsi 01","Kabupaten 02",8335,12.6224409880528,0.372266594750106,0.138582417566839,12.5603969712775,0.0395349496424218,0.00156301224322883,0.666331141482552,60,6,0.0031475875908085,-0.0620440167752179,0.491537388322457,2024,0.615654883934808,0.464323493861593
2,1,"Provinsi 01","Kabupaten 02",6079,11.9856313761569,0.361981564865058,0.131030653302156,11.9791514866486,0.0643770541463768,0.00414440510056553,2.75520275341701,60,6,0.00537409133010201,-0.00647988950834844,0.0540638144540212,2025,-1.7531405734109,0.68444271790795
3,1,"Provinsi 01","Kabupaten 03",7933,11.9426250626306,0.362796760806945,0.131621489652011,11.8794968861202,0.0380837351516996,0.0014503708831048,0.998709666075206,60,6,0.00320583737819705,-0.0631281765104159,0.528595481976143,2021,-0.530452439854646,0.658544742828235
3,1,"Provinsi 01","Kabupaten 03",6994,12.418297456749,0.360594930857215,0.13002870415992,12.3777659310018,0.0649435950278175,0.00421767053513717,2.29693437658964,60,6,0.00524679456614681,-0.0405315257471628,0.326385528196018,2022,0.446016590475506,0.897460286482237
3,1,"Provinsi 01","Kabupaten 03",8199,12.6155811845531,0.360293158207665,0.129811159851253,12.5514822983315,0.0922130883345487,0.00850325366019528,3.72439919465338,60,6,0.00734678870134779,-0.0640988862215632,0.508093010411982,2023,0.874056114628171,0.4933167146286
3,1,"Provinsi 01","Kabupaten 03",7346,12.3261865006574,0.367318338010822,0.134922761439032,12.3042825793503,0.035588244445739,0.00126652314272967,0.588290249157794,60,6,0.00289234615803323,-0.0219039213071497,0.177702335641128,2024,-0.260013402740361,0.605007120152004
3,1,"Provinsi 01","Kabupaten 03",7735,12.8861856150147,0.36239400573948,0.131329415395906,12.8689927747294,0.0491036554775925,0.0024111689812621,1.02070495663675,60,6,0.0038156564648957,-0.0171928402852863,0.133420709579517,2025,0.999956092711604,0.645551638654433
4,1,"Provinsi 01","Kabupaten 04",7243,12.5955473817924,0.367916423184294,0.135362494448724,12.5868164028156,0.0611389462462426,0.00373797074810095,1.89481161488733,60,6,0.00485737968121678,-0.00873097897678221,0.069317979696566,2021,0.625230616494038,0.793682072521187
4,1,"Provinsi 01","Kabupaten 04",6716,12.6988131087452,0.364885018164227,0.133141076480708,12.7010355255002,0.095513075348677,0.00912274756256204,3.87018660157415,60,6,0.00752010142455809,0.00222241675501955,0.0175009800993847,2022,1.11574012376867,0.799070247774944
4,1,"Provinsi 01","Kabupaten 04",7799,13.2966047136277,0.364512646494613,0.132869469454507,13.283431562592,0.0509622509748605,0.00259715102442467,1.08421263291491,60,6,0.00383652753693385,-0.0131731510356214,0.0990715398354312,2023,2.63532930933935,0.824828067072667
4,1,"Provinsi 01","Kabupaten 04",7617,12.9676771701678,0.369035434419457,0.136187151857157,13.0894587768653,0.0580219852073383,0.00336655076740059,1.30280982104894,60,6,0.00443272607343309,0.12178160669748,0.939116582711045,2024,2.14756777977974,0.860510939359665
4,1,"Provinsi 01","Kabupaten 04",8231,12.5723477903841,0.365134684843415,0.1333233380757,12.5873792096156,0.0635493990539976,0.00403852612012423,1.72583614690908,60,6,0.00504866009005686,0.0150314192315033,0.119559365379632,2025,-0.117418171318382,0.877334812283516
5,1,"Provinsi 01","Kabupaten 05",7310,12.7896053800726,0.360183532809436,0.129732177307086,12.8189033035061,0.0273769361056042,0.000749496630530337,0.352411804184913,60,6,0.00213566913310879,0.0292979234334894,0.22907605483386,2021,1.84050101912932,0.743407113919966
5,1,"Provinsi 01","Kabupaten 05",8296,11.4750882040078,0.366115981659984,0.134040912026854,11.3295061387703,0.0386502311479338,0.00149384036778871,1.00315722826737,60,6,0.00341146654360072,-0.145582065237521,1.26867926981751,2022,-1.75945764026754,0.67812730812002
5,1,"Provinsi 01","Kabupaten 05",7408,12.312524709564,0.357354789980602,0.12770244592208,12.2501285631627,0.067815984494989,0.00459900775302459,1.85166147835861,60,6,0.00553594063485326,-0.0623961464013121,0.5067697151734,2023,0.487790387462822,0.721073076571338
5,1,"Provinsi 01","Kabupaten 05",6477,12.9862864789438,0.362429123247808,0.131354869378175,12.9942291972075,0.03168899889839,0.00100419265118216,0.488623829031998,60,6,0.002438697857138,0.00794271826366,0.0611623521207424,2024,1.48948647294867,0.785505759390071
5,1,"Provinsi 01","Kabupaten 05",6399,11.963986478787,0.362098038228609,0.131114989289007,11.9651029703745,0.08352366426281,0.00697620249188661,2.7916629276283,60,6,0.00698060555513933,0.00111649158746552,0.00933210338748825,2025,-0.816585285467625,0.600940337963402
6,1,"Provinsi 01","Kabupaten 06",6744,11.5283299769832,0.36103097641635,0.130343365932143,11.5058703217441,0.0655728733391412,0.00429980171795105,1.55700143961872,60,6,0.00569907981799688,-0.0224596552391141,0.194821411982097,2021,-1.0633816419183,0.822740444424562
6,1,"Provinsi 01","Kabupaten 06",8965,12.1663690847604,0.3671502195987,0.134799283751374,12.2290687974364,0.0525759938155853,0.00276423512569646,2.00480641373912,60,6,0.00429926388398493,0.062699712675979,0.515352709088175,2022,0.65781777205973,0.886827450804412
6,1,"Provinsi 01","Kabupaten 06",7523,12.1672654440414,0.368155991900218,0.135538834372034,12.0810036913219,0.0865430781652921,0.00748970437832385,2.19572782506266,60,6,0.00716356690027816,-0.0862617527194818,0.70896581582944,2023,-0.0706906958782739,0.811040382110514
6,1,"Provinsi 01","Kabupaten 06",7266,11.6099976142516,0.364458224297708,0.132829797258238,11.472157015238,0.0653429751055877,0.00426970439564946,2.84758971305027,60,6,0.00569578807357635,-0.13784059901357,1.18725777208057,2024,-1.19569923114551,0.482001496804878
6,1,"Provinsi 01","Kabupaten 06",7233,12.3337495916829,0.366663564039942,0.134442169194473,12.285424717027,0.0925073884778899,0.00855761692299924,2.58374211831766,60,6,0.00752984863027808,-0.0483248746559397,0.39181008416554,2025,0.0350563664699812,0.621483839326538
7,1,"Provinsi 01","Kabupaten 07",7843,12.5095491844752,0.364436407115224,0.132813894831053,12.5372439492709,0.0766209371180452,0.00587076800484743,2.56080735151972,60,6,0.00611146575978536,0.0276947647956991,0.221388991619852,2021,0.680563496831776,0.432047785120085
7,1,"Provinsi 01","Kabupaten 07",7981,12.2338960858762,0.363571366208862,0.132184138326979,12.2100858122947,0.0683396647161828,0.00467030977352028,2.27458028917701,60,6,0.00559698480148024,-0.0238102735815531,0.194625435874362,2022,-0.0676941466592085,0.612524971691892
7,1,"Provinsi 01","Kabupaten 07",8583,13.2479859572321,0.363913031300646,0.132432694350425,13.2768282142222,0.0631456739919819,0.00398737614390166,2.22980246587067,60,6,0.00475608126979756,0.0288422569900924,0.217710503945298,2023,1.83826683048203,0.859999776212499
7,1,"Provinsi 01","Kabupaten 07",8130,12.7129837753778,0.36741505488707,0.134993822557668,12.6841403221105,0.0719548228031055,0.00517749652462631,2.64695079001803,60,6,0.00567281825774796,-0.028843453267319,0.226881853834992,2024,0.783268063125798,0.521922739548609
7,1,"Provinsi 01","Kabupaten 07",6930,12.7174881142988,0.362941586837925,0.131726595456431,12.5849568325888,0.0778031324001444,0.0060533274112744,3.86645683929587,60,6,0.00618223275892952,-0.132531281709996,1.04211838469096,2025,0.284091526015139,0.797807932691649
8,1,"Provinsi 01","Kabupaten 08",8683,12.3714800464526,0.362380398702615,0.131319553363866,12.2779814026083,0.117144445575369,0.0137228211291605,5.80722026734114,60,6,0.00954101832655346,-0.0934986438442689,0.755759565494175,2021,0.259449939341893,0.663559255399741
8,1,"Provinsi 01","Kabupaten 08",5893,12.4967608268082,0.370765186692373,0.13746682366303,12.473196288715,0.0446576241632685,0.00199430339590774,1.09786227933037,60,6,0.00358028713166904,-0.0235645380931526,0.188565168364283,2022,0.799600512722989,0.635994311165996
8,1,"Provinsi 01","Kabupaten 08",7203,12.7260827989182,0.367983756799909,0.135412045268575,12.729567301827,0.0612428692576671,0.00375068903491171,1.91257981996869,60,6,0.0048110723487732,0.00348450290873892,0.0273807970904851,2023,0.644703228995696,0.885774551169015
8,1,"Provinsi 01","Kabupaten 08",8218,12.9912259741732,0.3604695405962,0.129938289697636,12.9471192266496,0.0442664790968219,0.00195952117162937,0.92298472161603,60,6,0.00341902150755718,-0.0441067475236867,0.339511818294683,2024,1.03393793485162,0.696294681727886
8,1,"Provinsi 01","Kabupaten 08",7346,12.8276708789025,0.361505528210024,0.130686246926408,12.9682111518724,0.0564882825245356,0.00319092606257175,1.13301949027409,60,6,0.00435590397650022,0.140540272969918,1.09560242304831,2025,1.00303786203273,0.854470601514913
9,1,"Provinsi 01","Kabupaten 09",6771,12.1910279981971,0.364904928950012,0.133155607172014,12.1361422549657,0.0639494273909817,0.00408952926363444,1.79337753090646,60,6,0.00526933732709136,-0.0548857432313259,0.450214233282402,2021,0.672140566655126,0.446346035785973
9,1,"Provinsi 01","Kabupaten 09",7507,11.8994077144001,0.361926295507891,0.130990643380065,11.8518111821716,0.107412978262461,0.0115375478992119,4.45557787453751,60,6,0.00906300114062224,-0.0475965322284981,0.399990767363143,2022,-0.714439071339773,0.649781893217005
9,1,"Provinsi 01","Kabupaten 09",7912,12.5932676371214,0.363536766870567,0.132158980866705,12.5277353779158,0.0772207400299063,0.00596304269076638,2.40986503025411,60,6,0.00616398237194834,-0.0655322592056606,0.520375339379669,2023,0.623876768436831,0.744043089426123
9,1,"Provinsi 01","Kabupaten 09",7814,12.6364102296288,0.362233917004714,0.131213410628578,12.6170472877095,0.0782947551167214,0.00613006867878737,2.55236157640755,60,6,0.00620547370009381,-0.0193629419192831,0.153231349468874,2024,1.9909887118696,0.765527635789476
9,1,"Provinsi 01","Kabupaten 09",7557,12.7947001494924,0.364722110861828,0.133022218151508,12.8150358387821,0.0640895053853039,0.0041074647005329,1.88680071832242,60,6,0.00500111792050946,0.0203356892896718,0.158938381142746,2025,1.05055595055468,0.875081429001875
10,1,"Provinsi 01","Kabupaten 10",7212,12.3003703188648,0.362430992033098,0.131356223986096,12.227232377004,0.0194076521769197,0.000376656963020298,0.182912091360715,60,6,0.00158724816692125,-0.0731379418608356,0.594599511761572,2021,-0.209363973754459,0.823984113731422
10,1,"Provinsi 01","Kabupaten 10",7582,11.9308777655958,0.354769585848145,0.125861459042864,11.9443058991684,0.0259295451633466,0.00067234131237803,0.429207710482988,60,6,0.00217087082181576,0.0134281335725852,0.112549418713407,2022,-0.68728898382025,0.601270048390143
10,1,"Provinsi 01","Kabupaten 10",6515,12.558619262555,0.359552546614916,0.129278033777271,12.6319450685883,0.061694753563926,0.00380624261731357,1.67192750008925,60,6,0.00488402642894178,0.0733258060333313,0.58386837358754,2023,0.918730001933337,0.492688490170985
10,1,"Provinsi 01","Kabupaten 10",8385,12.4770453920675,0.354988456024618,0.126016803910742,12.4614490234287,0.0528680705946477,0.00279503288840065,1.59460063626667,60,6,0.0042425299413616,-0.0155963686387324,0.125000496100207,2024,0.581720821656721,0.534024144965224
10,1,"Provinsi 01","Kabupaten 10",7190,12.2188175193802,0.365817957346509,0.133822777917172,12.1451693270571,0.0619772586329047,0.00384118058764997,1.36812343965162,60,6,0.00510303783865998,-0.0736481923231516,0.60274402335855,2025,0.213824073967844,0.482035909290426
11,2,"Provinsi 02","Kabupaten 11",6716,12.6337023570236,0.3705943270134,0.137340155214515,12.6927505244274,0.0766040651946799,0.00586818280435077,2.41352772192946,60,6,0.00603526123413948,0.059048167403768,0.467386089485801,2021,0.389028528603462,0.486219378514215
11,2,"Provinsi 02","Kabupaten 11",6591,12.9315770790637,0.364603647188393,0.132935819543078,12.99950407423,0.0400276318927271,0.00160221131493966,0.721469922718786,60,6,0.0030791660715794,0.0679269951662498,0.525280054791027,2022,1.48675013832958,0.514541105227545
11,2,"Provinsi 02","Kabupaten 11",6385,12.1843592570121,0.368733725490507,0.135964560314109,12.1138760168955,0.0589326769062405,0.00347306040733533,1.22205496506493,60,6,0.0048648902154889,-0.0704832401166069,0.578473095136652,2023,-0.93508750183197,0.816731565026566
11,2,"Provinsi 02","Kabupaten 11",8191,12.2152668591038,0.366802094619946,0.13454377661758,12.4120256427095,0.0930256910151393,0.00865377918884417,2.55915016587467,60,6,0.00749480332163025,0.196758783605754,1.61076123735368,2024,-0.338439721684454,0.442675356729887
11,2,"Provinsi 02","Kabupaten 11",7071,12.5427684023088,0.36856038463688,0.135836757123685,12.5964751370913,0.0559018695969313,0.00312501902443232,1.34528846941982,60,6,0.00443789782367958,0.0537067347824927,0.428188842047077,2025,0.516386886337178,0.881872818432748
12,2,"Provinsi 02","Kabupaten 12",7340,11.1485938105637,0.362762800371054,0.131596849333049,11.0922220291239,0.0688698266498449,0.00474305302277968,2.09408189514827,60,6,0.00620883953359566,-0.0563717814398839,0.505640284306254,2021,-2.49192645542958,0.512693409668282
12,2,"Provinsi 02","Kabupaten 12",7909,12.4738214824119,0.365748454337401,0.133771931850198,12.4426615108275,0.0580409452052802,0.00336875132032233,1.35356819078309,60,6,0.0046646728398722,-0.0311599715843922,0.249802930307508,2022,0.204693784889797,0.726696460484527
12,2,"Provinsi 02","Kabupaten 12",8196,12.8614716995336,0.362205778696897,0.131193026121426,12.8001125645141,0.0422788072874299,0.00178749754564763,0.715777954064257,60,6,0.00330300277238498,-0.0613591350195364,0.477077090810387,2023,0.676486405290152,0.759091296908446
12,2,"Provinsi 02","Kabupaten 12",7170,12.6148121205476,0.368165049760412,0.135545503865087,12.5583952744814,0.0464649940982603,0.00215899567655136,1.08449131178592,60,6,0.00369991492405697,-0.0564168460662149,0.447227002091615,2024,0.611017540373103,0.49912630636245
12,2,"Provinsi 02","Kabupaten 12",6529,12.8012216887422,0.361113302169363,0.130402817003662,12.7770537736353,0.0438012169176461,0.00191854660346668,0.826502541867162,60,6,0.00342811556510997,-0.0241679151069043,0.188793817453833,2025,0.41614341536281,0.565963087696582
13,2,"Provinsi 02","Kabupaten 13",8215,12.0404020149028,0.369771257894773,0.136730783165083,12.111644204903,0.0787193284767731,0.0061967326758341,2.80785183418733,60,6,0.00649947498002838,0.0712421900002358,0.591692784942371,2021,-0.552003073943124,0.809422370721586
13,2,"Provinsi 02","Kabupaten 13",7867,11.8649687550966,0.365420683481981,0.133532275916438,11.9326919943294,0.0714878935258502,0.00511051892076329,2.78202895190866,60,6,0.00599092757609283,0.0677232392328069,0.570783123248566,2022,-0.573661526451042,0.775875521451235
13,2,"Provinsi 02","Kabupaten 13",7654,12.182980234125,0.360959332432122,0.130291639669843,12.1998369063922,0.0373207827040814,0.00139284082164526,0.773241764473104,60,6,0.00305912144485529,0.016856672267183,0.138362469143361,2023,-0.151395581115484,0.545322594908066
13,2,"Provinsi 02","Kabupaten 13",8167,12.69196526984,0.359456657480916,0.129209088607353,12.5811173968552,0.0673701462278159,0.0045387366027573,2.05022762516376,60,6,0.00535486190158723,-0.110847872984817,0.873370440496125,2024,0.868074142902208,0.417560660140589
13,2,"Provinsi 02","Kabupaten 13",6858,12.5032475002589,0.360289522484358,0.129808540012007,12.4640293517845,0.0432377433155142,0.00186950244701829,1.09131877531889,60,6,0.00346900204541991,-0.0392181484744238,0.313663697960164,2025,0.388488734607336,0.687230291753076
14,2,"Provinsi 02","Kabupaten 14",6642,12.6864228724253,0.365704115827494,0.133739500333169,12.754242702412,0.0313109265759481,0.00098037412304441,0.523162244891483,60,6,0.00245494203823067,0.0678198299867159,0.5345859165244,2021,0.162766228174212,0.778565849619918
14,2,"Provinsi 02","Kabupaten 14",6571,12.5561387260905,0.371625697857467,0.138105659308049,12.6823564422387,0.0877429708769199,0.00769882893830802,3.62652317722663,60,6,0.00691850692547098,0.126217716148163,1.00522715543031,2022,0.238581776070165,0.6777465301333
14,2,"Provinsi 02","Kabupaten 14",8121,12.4840640367252,0.359662616392266,0.12935719763013,12.3503211144664,0.0497790765627096,0.0024779564634361,1.5522243848737,60,6,0.00403058965846658,-0.133742922258776,1.07130916555167,2023,-0.465281511577473,0.820828831847757
14,2,"Provinsi 02","Kabupaten 14",7993,12.1666816861208,0.361163131075481,0.130438807248245,12.1812091404918,0.0912631687133428,0.00832896596360008,3.31818328639855,60,6,0.00749212723143987,0.0145274543709704,0.119403587155096,2024,-1.34083975979781,0.601254929066636
14,2,"Provinsi 02","Kabupaten 14",6784,12.6030091352632,0.36794663489406,0.135384726129862,12.5855775008634,0.0443339153084971,0.00196549604658099,0.945706567252654,60,6,0.00352259682207317,-0.0174316343997685,0.138313272748449,2025,0.176478515614456,0.877177231805399
15,2,"Provinsi 02","Kabupaten 15",7542,12.1263931940917,0.362335475768116,0.131286997000107,12.1038326343714,0.0645876699571952,0.00417156711049958,1.92739921165511,60,6,0.0053361337609531,-0.0225605597203042,0.186045094853895,2021,-0.541627368667067,0.777152473083697
15,2,"Provinsi 02","Kabupaten 15",7543,11.9874434096921,0.367025784919225,0.134707926795573,12.0716645455482,0.039861019088223,0.00158890084275168,0.82024077012184,60,6,0.00330203170721167,0.0842211358561187,0.702577964105544,2022,-0.429218324780889,0.878611732367426
15,2,"Provinsi 02","Kabupaten 15",6680,11.9297345844556,0.375005156056849,0.140628867069222,11.8659130069067,0.0500319029376457,0.002503191311562,1.14101895570323,60,6,0.00421643938469161,-0.0638215775489321,0.534979023188759,2023,-0.200911230006289,0.431406055437401
15,2,"Provinsi 02","Kabupaten 15",8577,11.8018597540013,0.360663252849998,0.130077981956342,11.7534778675247,0.0863690214325478,0.0074596078632159,2.8628876831686,60,6,0.00734837997791181,-0.0483818864766228,0.409951376182211,2024,-0.318808833953064,0.624881923175417
15,2,"Provinsi 02","Kabupaten 15",8925,12.043405347553,0.359759932587928,0.129427209095671,12.021042014486,0.0375608956916985,0.00141082088516266,0.698178293860147,60,6,0.0031245956587154,-0.0223633330669806,0.185689449301184,2025,-0.278018352056219,0.670774277858436
16,2,"Provinsi 02","Kabupaten 16",7192,12.7765986831301,0.369852810377103,0.136791101343841,12.821787518589,0.0566643220046546,0.00321084538824719,1.6585031069363,60,6,0.00441937771332606,0.0451888354589478,0.353684392690631,2021,2.0959659689242,0.540986804501154
16,2,"Provinsi 02","Kabupaten 16",5958,12.9341868837446,0.359213656567553,0.129034451064632,12.9052343916032,0.074065729413721,0.00548573227358654,2.58211626061855,60,6,0.00573920063489215,-0.0289524921414106,0.223844702428086,2022,1.89109060660225,0.667527936142869
16,2,"Provinsi 02","Kabupaten 16",7816,12.1091462243143,0.364627198011832,0.13295299352996,12.2461564451074,0.10440397232545,0.0109001894373334,4.13907736647855,60,6,0.00852544819212741,0.137010220793069,1.13146061873431,2023,-0.519412054703757,0.680597429140471
16,2,"Provinsi 02","Kabupaten 16",7939,12.3203041075845,0.369932327206996,0.136849926712784,12.3017396864243,0.0777509339908987,0.00604520773645709,2.50909028004998,60,6,0.00632032021265266,-0.0185644211602423,0.15068151725909,2024,0.303308995079611,0.589713806496002
16,2,"Provinsi 02","Kabupaten 16",6250,11.905071451882,0.359800221432302,0.129456199342734,11.7397997959576,0.0487276417093618,0.00237438306655594,1.12930854101771,60,6,0.00415063651478456,-0.165271655924471,1.38824581265611,2025,-0.583453594664751,0.586556250439025
17,2,"Provinsi 02","Kabupaten 17",6628,13.1659495906158,0.363270290978103,0.131965304307316,13.309701483288,0.0616929929665262,0.00380602538116785,1.74151141889125,60,6,0.00463518983081548,0.143751892672141,1.09184599016391,2021,2.49120534340342,0.547414109087549
17,2,"Provinsi 02","Kabupaten 17",7946,12.4893441185441,0.363739493792351,0.132306419344316,12.5538537251421,0.0795113679607413,0.0063220576349884,2.56951907522736,60,6,0.00633362230448014,0.0645096065980209,0.516517168441514,2022,0.578263663107083,0.790663498779759
17,2,"Provinsi 02","Kabupaten 17",8068,12.7356330235754,0.362055760765554,0.131084373903524,12.7391656263892,0.0355961771331361,0.0012670878264936,0.710557832262099,60,6,0.00279423144161017,0.00353260281378454,0.027737944452743,2023,0.901769367049573,0.595506236632355
17,2,"Provinsi 02","Kabupaten 17",8183,12.3427986164812,0.363629354405585,0.132226307385423,12.4046618698321,0.0571981382964566,0.00327162702458057,1.47044858124481,60,6,0.00461101954222239,0.0618632533508414,0.501209290316347,2024,-0.177000999601645,0.540984984696843
17,2,"Provinsi 02","Kabupaten 17",7738,12.5784799993125,0.365833173696564,0.1338339109769,12.5858343511087,0.0681493644322181,0.00464433587251527,2.58289825032207,60,6,0.00541476731149053,0.00735435179617916,0.0584677305730192,2025,1.17056541164315,0.418547793617472
18,2,"Provinsi 02","Kabupaten 18",7753,11.9314374331929,0.365585113378364,0.133652475123871,11.8697474893579,0.0143875027031789,0.000207000234033979,0.112557275904817,60,6,0.00121211531383278,-0.0616899438350629,0.517036980501974,2021,-0.441589648437947,0.630651757796295
18,2,"Provinsi 02","Kabupaten 18",7165,12.2537107337243,0.360291235013746,0.12980977402773,12.1853665633073,0.110230602477706,0.012150785722598,4.45951324899334,60,6,0.00904614579340052,-0.0683441704169194,0.557742645489622,2022,-0.144310350542332,0.694748653424904
18,2,"Provinsi 02","Kabupaten 18",7335,12.413087288739,0.363211929016092,0.131922905379591,12.4301687098274,0.0655999975128296,0.00430335967368325,1.56769046694308,60,6,0.00527748247382721,0.0170814210884043,0.1376081605734,2023,0.274826617061273,0.896775584178977
18,2,"Provinsi 02","Kabupaten 18",7340,12.7311538678577,0.362868131810328,0.131673281083518,12.6465513793674,0.0499667514465764,0.00249667625012395,1.22985675036362,60,6,0.00395101794534249,-0.084602488490324,0.664531191504326,2024,0.951684445972062,0.724581901892088
18,2,"Provinsi 02","Kabupaten 18",7500,12.3837848937029,0.361792040688902,0.13089348070584,12.4404242532697,0.0609807059299493,0.00371864649571495,1.7139860954386,60,6,0.00490181883579426,0.0566393595668533,0.457367113956044,2025,0.387505069214717,0.44488203197252
19,2,"Provinsi 02","Kabupaten 19",7251,12.817378163999,0.37369719840803,0.139649596098011,12.8853815920031,0.0438389976055188,0.00192185771105668,1.00266447431549,60,6,0.00340222734518984,0.0680034280040847,0.530556461188686,2021,1.3626182031038,0.558733312855475
19,2,"Provinsi 02","Kabupaten 19",9137,12.4311383789728,0.366894862060801,0.134611839806615,12.373401723537,0.091219117418701,0.00832092738264677,2.85383585544501,60,6,0.00737219395739666,-0.0577366554357894,0.464451876213128,2022,0.228977548146497,0.581599638308398
19,2,"Provinsi 02","Kabupaten 19",8045,12.4623833659427,0.361376274884136,0.130592812049135,12.360368440709,0.0690914029564586,0.00477362196249173,1.66181207183931,60,6,0.00558975270744399,-0.102014925233687,0.818582788204658,2023,0.454431066198052,0.680341494479217
19,2,"Provinsi 02","Kabupaten 19",7380,13.5691795483328,0.360630622881454,0.130054446159865,13.620141788856,0.0626890114252312,0.00392991215347276,1.21526928066582,60,6,0.00460266951673904,0.0509622405231802,0.375573485056004,2024,3.17356744618444,0.419889642600901
19,2,"Provinsi 02","Kabupaten 19",8168,12.2772978119752,0.362204097089355,0.131191807948315,12.3815371731667,0.105129476740619,0.0110522068797563,4.87098907297362,60,6,0.00849082591848579,0.104239361191452,0.849041562629337,2025,-0.5325395628495,0.64714778305497
20,2,"Provinsi 02","Kabupaten 20",7431,12.5677528620269,0.360848664386533,0.130211758589545,12.52601335002,0.0622342340295722,0.00387309988524757,2.05725846198088,60,6,0.00496839914588409,-0.0417395120068811,0.332115951555634,2021,0.281225017080548,0.803962440555915
20,2,"Provinsi 02","Kabupaten 20",6707,12.6184342641618,0.357998253005601,0.128162749155063,12.6458512025883,0.0709034775132535,0.00502730312347244,1.86346523614002,60,6,0.00560685685584702,0.0274169384264766,0.217276865358365,2022,1.04289501073822,0.47319611008279
20,2,"Provinsi 02","Kabupaten 20",8096,12.7189098077394,0.362800019065944,0.131623853834249,12.7269651240991,0.0697094113890005,0.00485940203620092,2.36858171088864,60,6,0.00547730041759935,0.00805531635971768,0.0633333869135234,2023,0.942817750813436,0.543675404367968
20,2,"Provinsi 02","Kabupaten 20",6826,12.022451423368,0.366009384874029,0.133962869815865,12.1428914820371,0.0470265645515646,0.00221149777352247,1.16766811495892,60,6,0.00387276495232876,0.12044005866904,1.00179284929312,2024,-0.499425970757965,0.429551884625107
20,2,"Provinsi 02","Kabupaten 20",7007,12.9347050818936,0.36349311879755,0.13212724741317,12.908367670053,0.080116635800778,0.00641867533203451,2.9397612871767,60,6,0.00620656599258837,-0.026337411840581,0.203618185910161,2025,1.03427575882673,0.424453649995849
21,3,"Provinsi 03","Kabupaten 21",8381,12.6197001484423,0.367028812275892,0.134710149040652,12.6332517989746,0.0206120995069213,0.000424858646083224,0.182726931491676,60,6,0.00163157513480371,0.0135516505323849,0.107384885322,2021,0.62684670163021,0.779810359328985
21,3,"Provinsi 03","Kabupaten 21",7719,11.7080798444265,0.362771024538341,0.131602816244598,11.8486397385373,0.0568281635047997,0.00322944016732825,1.38292839924082,60,6,0.00479617616526631,0.140559894110758,1.20053754311959,2022,-1.50247185494497,0.765985074546188
21,3,"Provinsi 03","Kabupaten 21",7812,12.3205459159676,0.36066771576316,0.130081201193816,12.3420569558627,0.0468907924585583,0.00219874641739159,0.940330520446292,60,6,0.00379926884361721,0.0215110398950973,0.174594860015242,2023,0.47218322687864,0.415375104616396
21,3,"Provinsi 03","Kabupaten 21",7803,11.6865206177215,0.364734181025219,0.133031022808137,11.7497737572644,0.0970150483342326,0.00941191960329348,3.98841569665734,60,6,0.00825675883965442,0.0632531395429066,0.54124868822795,2024,-1.01985223585434,0.602926201862283
21,3,"Provinsi 03","Kabupaten 21",6852,12.252984411355,0.361736241510406,0.130853108422075,12.1155121644949,0.0521433943951324,0.00271893357904632,1.46005617545585,60,6,0.00430385390953107,-0.137472246860099,1.12194908803363,2025,0.428667768810748,0.875212366436608
22,3,"Provinsi 03","Kabupaten 22",7353,12.6241240626978,0.363874164116227,0.132404407311283,12.5470200793572,0.0674318338859298,0.00454705222121963,1.89756317686144,60,6,0.00537433059478969,-0.077103983340578,0.610766996249726,2021,0.697779583438931,0.526055227126926
22,3,"Provinsi 03","Kabupaten 22",7047,12.9195464436548,0.357558427224021,0.127848028878915,12.9424617473161,0.0374650165112363,0.00140362746218721,1.0141141272723,60,6,0.00289473650706408,0.0229153036612786,0.177369257978348,2022,0.740064208959403,0.848183909640647
22,3,"Provinsi 03","Kabupaten 22",6192,12.4781602991235,0.362308350472964,0.13126734082244,12.3291468961703,0.0289294302876127,0.000836911936765844,0.460808769698035,60,6,0.00234642595560272,-0.149013402953203,1.19419369026434,2023,-0.0691405076405063,0.4951823964715
22,3,"Provinsi 03","Kabupaten 22",6554,12.894609120779,0.364583352319007,0.132921020788165,12.9429216285974,0.0703523943610528,0.00494945939233309,1.92779561140828,60,6,0.00543558837639942,0.048312507818423,0.374672139076864,2024,0.228946107820071,0.500265439948998
22,3,"Provinsi 03","Kabupaten 22",7035,12.6614984828726,0.359229332611175,0.12904571340827,12.6302014926175,0.0347264192434268,0.00120592419347025,0.712395358898432,60,6,0.00274947468286432,-0.0312969902550773,0.247182356001648,2025,-0.0486987327045388,0.430333514674567
23,3,"Provinsi 03","Kabupaten 23",7194,11.7955355234049,0.361918228492098,0.130984804114859,11.8203750672819,0.0305150163416642,0.000931166222332036,0.456765976930753,60,6,0.00258156075149663,0.0248395438770235,0.210584282737622,2021,-1.25006461213706,0.648920641024597
23,3,"Provinsi 03","Kabupaten 23",6737,12.0006448682086,0.366841825701923,0.13457292508432,12.0177225782015,0.0674264270679888,0.00454632306715482,1.99170701463477,60,6,0.0056105827563611,0.0170777099928685,0.142306602523584,2022,-0.304743274834627,0.480392964067869
23,3,"Provinsi 03","Kabupaten 23",6706,12.9656329926657,0.363743688771046,0.132309471120767,12.9150055224128,0.0357914542520383,0.00128102819747575,0.740234714907866,60,6,0.00277130770017292,-0.0506274702529179,0.390474343069532,2023,1.98054790831447,0.756132322223857
23,3,"Provinsi 03","Kabupaten 23",7879,12.4604182151392,0.366948905441822,0.134651499204951,12.4545160082868,0.0799368170368694,0.00638989471798593,2.10424812299085,60,6,0.00641829975437682,-0.00590220685235465,0.0473676464982819,2024,0.318450952776898,0.891270203376189
23,3,"Provinsi 03","Kabupaten 23",7471,12.4451219558166,0.362982224354612,0.131756095197422,12.42244494152,0.0973442415446873,0.00947590136191042,3.7932587842329,60,6,0.00783615801904902,-0.0226770142965655,0.182216087372022,2025,-0.383416911090177,0.830832611164078
24,3,"Provinsi 03","Kabupaten 24",7510,12.8461653990062,0.363501120979318,0.13213306495322,12.8475547413924,0.0350855625587988,0.00123099670006738,0.637452276871201,60,6,0.00273091364582863,0.00138934238611377,0.01081523040503,2021,0.999559764796871,0.894316997239366
24,3,"Provinsi 03","Kabupaten 24",7605,11.7727380096592,0.36465305292153,0.132971849004992,11.759549496868,0.091053564508054,0.00829075160962234,3.44481009778532,60,6,0.00774294666069522,-0.0131885127912224,0.112025875207633,2022,-1.61832913790507,0.435603436641395
24,3,"Provinsi 03","Kabupaten 24",7666,12.2323864817474,0.364467001290242,0.132836195029502,12.3135900651868,0.0286520419044417,0.000820939505293886,0.428814110034064,60,6,0.00232686338856182,0.0812035834393825,0.663840891232063,2023,-1.02124735470837,0.789873459818773
24,3,"Provinsi 03","Kabupaten 24",6609,13.0354258949343,0.36140113584776,0.130610780992051,12.9725219828414,0.031207155334118,0.00097388654404777,0.560931840668713,60,6,0.00240563518607988,-0.0629039120929225,0.482561234285159,2024,1.08385627769657,0.622758337040432
24,3,"Provinsi 03","Kabupaten 24",6402,13.2124403450349,0.362498995161119,0.131405521492821,13.22351190772,0.0289997736803537,0.000840986873511738,0.618582283674521,60,6,0.00219304628624589,0.0110715626851388,0.0837965008432325,2025,1.3915888396503,0.770617542415857
25,3,"Provinsi 03","Kabupaten 25",7640,12.8616201325749,0.362949302997872,0.131732196546641,12.7845299993681,0.0853192023451409,0.00727936628881109,2.59972841631645,60,6,0.00667362838910447,-0.0770901332067595,0.599381200907277,2021,1.18365859141893,0.551450976380147
25,3,"Provinsi 03","Kabupaten 25",6234,12.586869405732,0.364528584956413,0.132881089250325,12.6437969137313,0.0442258342864128,0.00195592441832925,0.820495299468324,60,6,0.00349782858647335,0.0569275079992693,0.452276941662275,2022,0.93793655578574,0.40117952900473
25,3,"Provinsi 03","Kabupaten 25",8291,11.3702799317609,0.36251278229106,0.131415517324406,11.3301234825713,0.0385428199801773,0.00148554897202436,0.753111056461064,60,6,0.00340180052225083,-0.0401564491896025,0.353170277518257,2023,-2.33825873351617,0.43484479803592
25,3,"Provinsi 03","Kabupaten 25",6699,12.3394833222969,0.36401889304182,0.132509754491392,12.2920154196134,0.0469978147251511,0.00220879458893963,1.2294205949686,60,6,0.00382344254548856,-0.0474679026835272,0.384683065276767,2024,-0.465367648624052,0.707668456458487
25,3,"Provinsi 03","Kabupaten 25",7174,13.0605479560686,0.36345577097799,0.132100097457205,13.0933429315896,0.0543393497008692,0.00295276492591336,1.41742209259651,60,6,0.00415015095722938,0.0327949755210586,0.251099537564352,2025,1.35366501096555,0.406671432522126
26,3,"Provinsi 03","Kabupaten 26",7850,12.1172932717998,0.358128756222642,0.128256206033576,12.0116600326307,0.0429588711434107,0.00184546460991616,0.918303439648019,60,6,0.00357643082027873,-0.10563323916913,0.871756066307041,2021,-1.0330975549306,0.864782869094051
26,3,"Provinsi 03","Kabupaten 26",6910,12.4444324457976,0.359865271510297,0.12950301363918,12.5618301847648,0.0448098943135611,0.00200792662839252,0.995495685795622,60,6,0.00356714695665185,0.117397738967229,0.943375597710555,2022,-0.0441660320175601,0.467306529264897
26,3,"Provinsi 03","Kabupaten 26",6868,12.8945878260425,0.367194321517992,0.134831669755059,12.9002979745002,0.0318178689594319,0.00101237678511958,0.509175133447018,60,6,0.00246644449781903,0.00571014845762008,0.0442832957102171,2023,0.951283089453889,0.8060909190448
26,3,"Provinsi 03","Kabupaten 26",7491,12.5998363293079,0.373364951068558,0.139401386686427,12.5691010438296,0.0803918672825622,0.0064628523251771,2.63902756585222,60,6,0.0063959918057965,-0.0307352854783129,0.243934005768163,2024,-0.0696574128387291,0.713308506505564
26,3,"Provinsi 03","Kabupaten 26",6936,12.4492920192262,0.362487337853906,0.131397070104411,12.5043955712104,0.0154806166106995,0.000239649490647465,0.152346006972843,60,6,0.00123801398656496,0.0551035519841907,0.442623981340391,2025,0.132721280755382,0.466879684105516
27,3,"Provinsi 03","Kabupaten 27",8093,12.7111957977869,0.3630073181876,0.131774313057753,12.7054153460027,0.0500606198016984,0.0025060656549302,1.30287101765925,60,6,0.00394010100720148,-0.00578045178414932,0.0454752792428526,2021,0.213628337045974,0.662910746852867
27,3,"Provinsi 03","Kabupaten 27",8089,13.0664951675356,0.365225355177368,0.133389560064435,13.0632848000424,0.0800408359842138,0.00640653542505182,2.97943718223542,60,6,0.00612715999148651,-0.00321036749314629,0.0245694614507081,2022,1.3069582176039,0.808994565834291
27,3,"Provinsi 03","Kabupaten 27",7456,12.2022573889726,0.363314170538747,0.131997186514258,12.207778981566,0.0876560750154859,0.00768358748712049,4.08966581767565,60,6,0.00718034583914473,0.00552159259336271,0.0452505828827432,2023,-0.579596959118496,0.646660389006138
27,3,"Provinsi 03","Kabupaten 27",7158,12.1076355366728,0.362663875966819,0.131525086931276,12.111987121839,0.0484872248338755,0.00235101097209079,1.07894199043527,60,6,0.00400324276653571,0.00435158516614642,0.0359408338066165,2024,-1.22203810875746,0.720232321275398
27,3,"Provinsi 03","Kabupaten 27",8262,12.3177869789098,0.370020521067206,0.136915186010847,12.3417079496547,0.0663196609242046,0.00439829742510147,1.90552275335983,60,6,0.00537362099271356,0.0239209707449568,0.194198607151704,2025,-0.959833115398638,0.750095205823891
28,3,"Provinsi 03","Kabupaten 28",7039,12.0795580964989,0.357646053768501,0.127910699776182,12.0538476852647,0.0587898910632832,0.00345625129123271,1.65410837477516,60,6,0.00487727177232805,-0.0257104112342681,0.212842316158236,2021,0.380197201182946,0.520370718417689
28,3,"Provinsi 03","Kabupaten 28",7519,11.9048969799237,0.3638130448957,0.132359931636281,11.8913456797287,0.074170358466887,0.00550124207510651,2.54112539212353,60,6,0.00623733936129077,-0.0135513001949299,0.113829630090733,2022,-0.756744245824482,0.512009316915646
28,3,"Provinsi 03","Kabupaten 28",7872,12.8153704727685,0.358603185928453,0.128596244958037,12.7884737427966,0.0777416091923277,0.00604375779981261,2.40921884148609,60,6,0.00607903732344273,-0.0268967299719698,0.209878676774291,2023,0.504390377668112,0.718758189096116
28,3,"Provinsi 03","Kabupaten 28",8958,11.8192013449893,0.362113080098966,0.13112588277876,11.7964478061784,0.0420754267030485,0.0017703415322436,0.696830147668093,60,6,0.00356678784956021,-0.0227535388108837,0.192513336110734,2024,-1.69241353480747,0.463975983299315
28,3,"Provinsi 03","Kabupaten 28",7355,13.4173475757526,0.366412948266703,0.134258448657498,13.4310700885069,0.0661327484088107,0.00437354041210306,2.18815576200669,60,6,0.00492386295157533,0.0137225127543168,0.102274407641609,2025,2.26234432920015,0.488883212767541
29,3,"Provinsi 03","Kabupaten 29",7813,12.0712625349185,0.372593454477991,0.138825882319843,12.1033171038733,0.0360887202557368,0.00130239572969683,0.599854855035537,60,6,0.00298172145255847,0.0320545689547931,0.265544460341816,2021,-0.658473504811356,0.780445777438581
29,3,"Provinsi 03","Kabupaten 29",8453,12.2770748031684,0.369012003301004,0.13616985858022,12.2726565260577,0.0488099346553629,0.0023824097210608,1.02611644275837,60,6,0.00397712871306455,-0.00441827711071241,0.0359880279427163,2022,0.0507912806328944,0.413495096121915
29,3,"Provinsi 03","Kabupaten 29",7525,12.4701052037507,0.365494270208628,0.133586061555338,12.5001021692719,0.0625991671848715,0.00391865573223949,2.55934983541051,60,6,0.00500789244257177,0.0299969655211161,0.240551022072321,2023,0.166149831235404,0.800699190562591
29,3,"Provinsi 03","Kabupaten 29",6034,12.4606473577846,0.368468155040145,0.135768781278688,12.4603515772418,0.0545589396770122,0.00297667789867986,1.40566996643289,60,6,0.00437860355213905,-0.000295780542854729,0.00237371730666902,2024,0.296127674292593,0.804691293369979
29,3,"Provinsi 03","Kabupaten 29",7000,12.9503928215183,0.366232971951102,0.134126589744137,12.8827269505768,0.0759642266505539,0.00577056373061673,2.17922159583036,60,6,0.00589659525828517,-0.0676658709415019,0.522500528548203,2025,1.35509135367959,0.550591065874323
30,3,"Provinsi 03","Kabupaten 30",7245,12.6748028064065,0.363506553064813,0.132137014121062,12.7059063277063,0.131256811042741,0.0172283504451098,7.99738249188034,60,6,0.0103303776729823,0.0311035212997783,0.245396490776622,2021,0.938383584408538,0.562954909494147
30,3,"Provinsi 03","Kabupaten 30",6526,12.5525035478362,0.364940757782778,0.133181756691069,12.5879471810661,0.00932960290651487,8.70414903932507e-05,0.041539315960075,60,6,0.000741153642632677,0.0354436332298995,0.282363060841431,2022,0.794848271545255,0.815285820490681
30,3,"Provinsi 03","Kabupaten 30",8605,12.5070757222015,0.367822776346323,0.135293594799117,12.5011408590084,0.0483994736484756,0.00234250904944949,0.824255703206165,60,6,0.00387160453548515,-0.00593486319310799,0.0474520449458295,2023,0.677179106229545,0.738229705113918
30,3,"Provinsi 03","Kabupaten 30",8202,12.0607334823096,0.366932495752789,0.13463945643937,12.0038915503031,0.025515685011642,0.000651050181613332,0.329564974999264,60,6,0.00212561775526852,-0.056841932006586,0.471297471998368,2024,0.183298206957879,0.685323662101291
30,3,"Provinsi 03","Kabupaten 30",7440,12.671200492812,0.359565365619423,0.129287252153029,12.6323316958204,0.0496381594443415,0.00246394687302187,0.914151057857783,60,6,0.00392945345638485,-0.0388687969916042,0.306749127785116,2025,1.05080024922465,0.454385492578149
31,4,"Provinsi 04","Kabupaten 31",7347,12.0418724344262,0.363613286422876,0.132214622063245,11.9751515814595,0.0848764346618699,0.00720400916091067,3.1798059214161,60,6,0.00708771275958455,-0.0667208529666112,0.554073740026218,2021,-0.580086229909135,0.830416775634512
31,4,"Provinsi 04","Kabupaten 31",5832,12.5035552242059,0.367978656620051,0.135408291727897,12.4727281532836,0.0299827413753798,0.000898964780382911,0.606860781571655,60,6,0.00240386393473078,-0.0308270709222391,0.24654644514674,2022,0.387894331670152,0.559608578775078
31,4,"Provinsi 04","Kabupaten 31",7990,11.5837761171246,0.359641751317637,0.129342189290817,11.597992408858,0.0741012886433517,0.00549100097860533,1.65594240638874,60,6,0.00638914788276261,0.0142162917334012,0.122725884803531,2023,-2.15938828509449,0.586658507212997
31,4,"Provinsi 04","Kabupaten 31",8299,12.5159883143905,0.362190396819866,0.131181883548532,12.5360691793195,0.117951734910365,0.0139126117683649,4.67113637195791,60,6,0.00940898883239634,0.0200808649289286,0.160441704038986,2024,0.191073901728785,0.421970446454361
31,4,"Provinsi 04","Kabupaten 31",7124,12.6264295135388,0.355208377066615,0.126172991138299,12.6433007176559,0.041028978294175,0.00168337705986388,1.14078164428184,60,6,0.00324511606663596,0.0168712041170327,0.133618170512435,2025,0.587515003081962,0.598995304177515
32,4,"Provinsi 04","Kabupaten 32",7596,11.7129233798496,0.3641170119321,0.132581198378361,11.6738158579094,0.0565158194953679,0.003194037853233,1.54993246358912,60,6,0.00484124644274534,-0.0391075219402666,0.333883529090144,2021,-1.99893980892355,0.827564450772479
32,4,"Provinsi 04","Kabupaten 32",8216,12.0948613693538,0.363252412840147,0.131952315434189,12.0084434907299,0.0427849252797776,0.00183054983119615,0.976006228295261,60,6,0.00356290349476233,-0.0864178786239105,0.714500778346064,2022,-0.986947312729605,0.524959391891025
32,4,"Provinsi 04","Kabupaten 32",7433,13.2059024623358,0.367709271447347,0.135210108308339,13.0901226781387,0.0680025978000873,0.00462435330756044,1.97852732655218,60,6,0.00519495496506354,-0.115779784197162,0.876727543061705,2023,1.79367699621301,0.716487905802205
32,4,"Provinsi 04","Kabupaten 32",6331,12.234460475662,0.361632350621833,0.130777957016272,12.2628248578745,0.0516388675445613,0.00266657264128475,1.44952099015982,60,6,0.00421100913884468,0.0283643822124855,0.231840073936326,2024,0.0429592934660732,0.47695035636425
32,4,"Provinsi 04","Kabupaten 32",7555,12.6335929765002,0.363945149538897,0.13245607187289,12.6198345686734,0.07596938062307,0.00577134679225288,1.85031481810789,60,6,0.00601983965872666,-0.0137584078268098,0.108903364643786,2025,0.482803875514776,0.884415556536987
33,4,"Provinsi 04","Kabupaten 33",7724,12.0054953534118,0.359203519896253,0.129027168705858,11.9833618972552,0.072039491703282,0.00518968836486724,2.28929058747358,60,6,0.00601162614639744,-0.0221334561565953,0.184361040548863,2021,-0.158891664237375,0.59791117683053
33,4,"Provinsi 04","Kabupaten 33",7501,12.1233324891409,0.354765684788177,0.125858691103224,12.0978829736774,0.040358689880749,0.00162882384889048,0.664528858146232,60,6,0.00333601258737264,-0.0254495154634515,0.209921780882008,2022,-0.351508033373942,0.40855182914529
33,4,"Provinsi 04","Kabupaten 33",7559,11.6802967256492,0.358454459507148,0.128489599540562,11.6696194305021,0.117872272037717,0.0138938725153337,9.7882727272774,60,6,0.0101007811556924,-0.0106772951470582,0.0914128758699387,2023,-2.09537169480217,0.734720642538741
33,4,"Provinsi 04","Kabupaten 33",7809,12.4566419880321,0.362520870937723,0.131421381865445,12.4399833685594,0.0284348606388951,0.000808541299553386,0.368543889649804,60,6,0.00228576355743054,-0.0166586194727003,0.133732826942488,2024,-0.12129469163945,0.866219054185785
33,4,"Provinsi 04","Kabupaten 33",7313,12.2741919649261,0.368522539700118,0.135808862267025,12.3572248703636,0.0538168287140372,0.00289625105283602,1.40605920843938,60,6,0.00435509018235204,0.0830329054375092,0.676483679534899,2025,0.322608961611922,0.568988905847073
34,4,"Provinsi 04","Kabupaten 34",6899,13.0465466486391,0.361864690979229,0.130946054577493,13.0916970314981,0.0594757364711637,0.00353736322878731,1.27182367940265,60,6,0.00454301198141596,0.0451503828590365,0.346071524327446,2021,0.826106977714929,0.710660706018098
34,4,"Provinsi 04","Kabupaten 34",6933,12.9095070503887,0.365006082489225,0.133229440254131,12.939811931807,0.0680501525043772,0.004630823255869,1.92125485045486,60,6,0.00525897539029181,0.0303048814182816,0.234748556238397,2022,0.401493166111304,0.696781149925664
34,4,"Provinsi 04","Kabupaten 34",8599,12.8456912929493,0.360967689011236,0.130297672510112,12.8751945020956,0.0357016557810184,0.00127460822550632,0.534185750983508,60,6,0.00277290224821127,0.0295032091463341,0.229673969843318,2023,0.351535028881001,0.845685553597286
34,4,"Provinsi 04","Kabupaten 34",8650,13.3724355203031,0.363419423432408,0.132073677327944,13.2968030728766,0.0217803841855896,0.000474385135271881,0.259575582788717,60,6,0.00163801660190172,-0.0756324474265053,0.565584685838823,2024,1.1934346470726,0.773824514914304
34,4,"Provinsi 04","Kabupaten 34",7000,12.6686182043538,0.364568147670941,0.132909934296221,12.6041613569036,0.057072666326651,0.00325728924163324,1.64957301229946,60,6,0.00452808121941339,-0.0644568474502591,0.508791459419839,2025,0.0903449738456207,0.783619984961115
35,4,"Provinsi 04","Kabupaten 35",9195,12.6912795770085,0.36380229006051,0.132352106253272,12.6125483398306,0.0400236040700356,0.00160188888275497,1.10612688645768,60,6,0.00317331620792607,-0.0787312371778448,0.620356967948877,2021,0.464707601896099,0.896806827490218
35,4,"Provinsi 04","Kabupaten 35",8851,12.2786598460363,0.364457106588584,0.132828982542922,12.2822935831201,0.0429555789534531,0.00184518176322634,0.888154239550809,60,6,0.0034973581003216,0.00363373708376891,0.0295939225398602,2022,-0.176232661052436,0.775656740390696
35,4,"Provinsi 04","Kabupaten 35",7696,12.8195615654254,0.361344224473917,0.130569648560657,12.8562863676014,0.0404872063190651,0.00163921387552255,0.968597538482355,60,6,0.00314921472355308,0.0367248021760744,0.286474712794563,2023,1.44721620274334,0.723304800083861
35,4,"Provinsi 04","Kabupaten 35",7280,12.7658239403307,0.356437571171669,0.127047742142758,12.8019212848868,0.0605541127284116,0.00366680056832518,1.29856914301683,60,6,0.00473008007008276,0.0360973445561701,0.282765489520256,2024,1.0978446579924,0.636186120659113
35,4,"Provinsi 04","Kabupaten 35",8537,12.7048871477212,0.361291727412876,0.13053171229698,12.7060575201394,0.0558150913492398,0.00311532442232399,1.07089603149736,60,6,0.00439279385133994,0.00117037241814799,0.00921198594320385,2025,1.3697781249369,0.432021400053054
36,4,"Provinsi 04","Kabupaten 36",8896,12.5175129966047,0.365163693500816,0.133344523051158,12.5209337858208,0.0512290008333988,0.00262441052638837,1.19618860537992,60,6,0.00409146807336468,0.00342078921601185,0.0273280260778616,2021,0.121552721468862,0.790143876662478
36,4,"Provinsi 04","Kabupaten 36",6879,12.7197293487119,0.367839564612724,0.135305945294479,12.7517733510987,0.0743786600416263,0.00553218506958782,2.33714093580742,60,6,0.00583280913122705,0.0320440023868418,0.251923618092447,2022,0.596711652655544,0.657219288381748
36,4,"Provinsi 04","Kabupaten 36",7533,12.6656893756256,0.367812928986226,0.135286350729426,12.6262398960713,0.0600973149794613,0.00361168726774058,1.4006013551226,60,6,0.00475971591496221,-0.0394494795543423,0.311467290760032,2023,0.942491142922434,0.409463916299865
36,4,"Provinsi 04","Kabupaten 36",8130,12.9530861352273,0.362893137236713,0.131691429053504,12.9894498930584,0.0686043326060199,0.0047065544523174,2.30706108030156,60,6,0.00528154257269066,0.0363637578310758,0.280734316528481,2024,0.897000601803118,0.803741256683134
36,4,"Provinsi 04","Kabupaten 36",6426,13.0564184051916,0.363186520773898,0.131904448871849,13.032040992192,0.0655417035624511,0.00429571490586822,2.05853342996825,60,6,0.00502927389514195,-0.0243774129995842,0.18670827054601,2025,1.26695419564785,0.762681580707431
37,4,"Provinsi 04","Kabupaten 37",5852,12.3239400714379,0.356838791175249,0.127333922887413,12.2775070387823,0.0228276370943584,0.000521101015311725,0.311195229136304,60,6,0.0018593055595285,-0.0464330326555515,0.376771003318698,2021,0.816835067781432,0.430675868154503
37,4,"Provinsi 04","Kabupaten 37",7415,12.4855188164193,0.366471192180294,0.134301134698046,12.5085840662593,0.0692241768447556,0.004791986659834,2.08306050415682,60,6,0.00553413371793864,0.023065249840041,0.184736014411421,2022,0.124315609437,0.7946027753409
37,4,"Provinsi 04","Kabupaten 37",6840,13.6163093723496,0.369800873528192,0.136752686062214,13.6951785402396,0.0480368311393368,0.00230753714590915,1.12363884793769,60,6,0.00350757246414814,0.0788691678899269,0.579225733884139,2023,3.2274687055617,0.449203204456717
37,4,"Provinsi 04","Kabupaten 37",7644,12.6831511137395,0.360588883972933,0.130024343244845,12.7068807644166,0.0345139147344709,0.00119121031029833,0.481296055367377,60,6,0.00271615948668701,0.0237296506771152,0.187095860203141,2024,0.539696415259237,0.65387889042031
37,4,"Provinsi 04","Kabupaten 37",6752,13.4002827052804,0.363053687677278,0.13180798013607,13.434590039536,0.0706256134060738,0.00498797726898419,2.93881581325422,60,6,0.00525699803255874,0.0343073342555904,0.256019481156704,2025,2.18443981944197,0.45057509476319
38,4,"Provinsi 04","Kabupaten 38",7644,12.615996555701,0.363613203439283,0.132214561715377,12.6087872737988,0.0767219747614012,0.00588626141128909,2.56987106820744,60,6,0.00608480205870634,-0.00720928190219361,0.057143974876371,2021,1.11607159453003,0.636162016051821
38,4,"Provinsi 04","Kabupaten 38",6772,12.3540443085822,0.361619037102884,0.130768327995217,12.2673315179145,0.0791992305430337,0.0062725181186086,2.92594905150797,60,6,0.00645610909164519,-0.0867127906676721,0.701898006043525,2022,0.317131774548618,0.802923086192459
38,4,"Provinsi 04","Kabupaten 38",7854,11.7937415204804,0.359761316478393,0.129428204834267,11.7657354087195,0.0325356425142692,0.00105856803381632,0.606424480074061,60,6,0.00276528762410867,-0.0280061117609094,0.237465877239003,2023,-1.22070432044079,0.448725330503657
38,4,"Provinsi 04","Kabupaten 38",8283,12.0396426616554,0.360484204472101,0.129948861673884,12.0550818032539,0.041635522981136,0.0017335167739127,0.858921439336965,60,6,0.00345377357538111,0.0154391415985362,0.128235879024116,2024,-1.01663292633781,0.438871482713148
38,4,"Provinsi 04","Kabupaten 38",7082,12.9167288762747,0.359679121123532,0.129369070172196,12.9215786675318,0.059455192152344,0.00353491987387215,1.56258124343135,60,6,0.00460123284330094,0.0048497912570884,0.0375465901896915,2025,0.828432250594261,0.45169577721972
39,4,"Provinsi 04","Kabupaten 39",7357,11.8474982105052,0.361674424406483,0.130808389269761,11.7898337839641,0.0508083800330655,0.00258149148158441,1.27991428627716,60,6,0.00430950774744359,-0.057664426541038,0.486722390807428,2021,-1.0103310430355,0.449368978710845
39,4,"Provinsi 04","Kabupaten 39",7195,11.5363820369802,0.357192491842396,0.12758647622858,11.5477183689813,0.0780394431352374,0.00609015468485796,2.49933761039838,60,6,0.00675799674374304,0.0113363320011288,0.0982659205008112,2022,-1.78420905618514,0.587143326620571
39,4,"Provinsi 04","Kabupaten 39",7797,12.5070988009754,0.363903130746338,0.132425488566987,12.5252063887436,0.061641918250491,0.00379972608560022,1.85415130291695,60,6,0.0049214293431435,0.0181075877681511,0.144778481854952,2023,0.448701816848584,0.543517193733715
39,4,"Provinsi 04","Kabupaten 39",8381,12.319397689292,0.362660610991106,0.131522718764442,12.3921302167985,0.0689692012667566,0.00475675072337438,2.22020525018589,60,6,0.00556556460109366,0.0727325275064477,0.590390288071199,2024,0.417832110537418,0.462061716802418
39,4,"Provinsi 04","Kabupaten 39",7228,12.6897387381092,0.358760754461226,0.128709278941588,12.6495637763028,0.0548134477729662,0.0030045140567597,1.57058253052717,60,6,0.00433322830275392,-0.040174961806315,0.316594081528752,2025,1.06283878188745,0.890576452575624
40,4,"Provinsi 04","Kabupaten 40",8692,11.8485756349071,0.368690895387449,0.135932976341599,11.8731513951301,0.0708034740160506,0.00501313193274156,1.76115321360225,60,6,0.00596332613471864,0.0245757602230618,0.207415312863929,2021,-0.821762104695735,0.633469321741723
40,4,"Provinsi 04","Kabupaten 40",7861,12.1552513810032,0.366021879367274,0.133972016175552,12.1777503186665,0.028755615350609,0.000826885414192182,0.422145879050297,60,6,0.00236132410323205,0.0224989376632916,0.185096440691091,2022,-0.590864852049446,0.891162101738155
40,4,"Provinsi 04","Kabupaten 40",7020,11.9020564257592,0.35195672577293,0.123873536816801,11.9404323651662,0.0363965400932326,0.00132470813075829,1.06880936609519,60,6,0.0030481760609785,0.0383759394070378,0.322431166802252,2023,-1.06642862310237,0.861501092882827
40,4,"Provinsi 04","Kabupaten 40",6541,13.2088744383392,0.369226783364238,0.136328417553502,13.2641237957084,0.0523502614420281,0.00274054987304869,0.904329497092571,60,6,0.00394675609548866,0.0552493573691493,0.418274529196721,2024,2.28537371229454,0.642557763704099
40,4,"Provinsi 04","Kabupaten 40",7356,13.0227413820773,0.359244340995142,0.129056496537034,13.0622466635757,0.07730481324157,0.00597603415031401,2.42632904222818,60,6,0.00591818660545862,0.0395052814983821,0.30335610866658,2025,1.4957375530515,0.615311219333671
41,5,"Provinsi 05","Kabupaten 41",6851,11.5016976698549,0.364805528744125,0.133083073802281,11.4994971040545,0.0277165462298725,0.000768206934912657,0.35338096012168,60,6,0.00241023985475853,-0.00220056580043249,0.0191325303759287,2021,-1.5265487519998,0.467162169027142
41,5,"Provinsi 05","Kabupaten 41",5986,13.0520445998646,0.351556416230024,0.123591913792498,13.0823452568184,0.0756120689321319,0.00571718496819747,3.34127317272969,60,6,0.00577970290859917,0.0303006569538553,0.232152569829326,2022,1.76688349018092,0.727629125327803
41,5,"Provinsi 05","Kabupaten 41",6508,12.9047050334612,0.363124351239855,0.131859294463366,12.8923200329783,0.0731174284371618,0.00534615834126348,2.72909330380682,60,6,0.00567139415172202,-0.0123850004829311,0.0959727514175446,2023,0.734306541337285,0.507877727597952
41,5,"Provinsi 05","Kabupaten 41",6936,12.8585690687571,0.36415517912831,0.132608994485972,12.9678281652014,0.028527210398953,0.000813801733146132,0.461714153209762,60,6,0.00219984488038672,0.10925909644426,0.849698717330304,2024,0.785890808282154,0.89025508237537
41,5,"Provinsi 05","Kabupaten 41",8590,12.864626534391,0.363410855412276,0.132067449831482,12.8708087975744,0.0512818714354052,0.00262983033791743,0.994853517206043,60,6,0.00398435500378732,0.00618226318334436,0.0480562973734007,2025,0.852526473839439,0.720154739310965
42,5,"Provinsi 05","Kabupaten 42",6742,12.7411422833281,0.365082657135208,0.133285346540904,12.6145584038235,0.0259855037382777,0.000675246404532047,0.254575072441205,60,6,0.00205996142761537,-0.126583879504562,0.993504951829931,2021,1.27824905102394,0.413687917380594
42,5,"Provinsi 05","Kabupaten 42",7485,12.9129466726225,0.357463994063225,0.127780507051634,13.0739911961058,0.0201612864317559,0.000406477470583305,0.193358594875722,60,6,0.0015420911739455,0.161044523483282,1.24715549104467,2022,1.99068294820227,0.628381842141971
42,5,"Provinsi 05","Kabupaten 42",6381,12.8372639545905,0.365432073697598,0.133540600486927,12.9500951231609,0.0543636981972545,0.00295541168168218,1.34212969595794,60,6,0.00419793813715132,0.112831168570382,0.87893470890294,2023,2.03514063832121,0.479498552135192
42,5,"Provinsi 05","Kabupaten 42",7759,12.7493756784232,0.36149316365869,0.130677307371968,12.7115673082267,0.0657341443585999,0.00432097773455725,1.645698393971,60,6,0.00517120688304563,-0.0378083701964798,0.296550757857625,2024,1.26650411799415,0.800028690695763
42,5,"Provinsi 05","Kabupaten 42",8243,12.5238979615586,0.357751916873918,0.127986434026963,12.5242998969034,0.0478871992851409,0.0022931838553748,0.96133832879904,60,6,0.00382354300674171,0.000401935344836346,0.00320934701057183,2025,0.491512635705773,0.518682020693086
43,5,"Provinsi 05","Kabupaten 43",8173,12.4993879837399,0.361891260649917,0.130965284534786,12.5289041103005,0.0666398702629382,0.00444087230866124,3.00780538991774,60,6,0.0053188905969957,0.0295161265606598,0.236140574234968,2021,0.960366505899084,0.814517395664006
43,5,"Provinsi 05","Kabupaten 43",7991,12.4180001112755,0.368368663577407,0.135695472305805,12.3903948827408,0.0811939671591693,0.00659246030304426,2.71131631998113,60,6,0.00655297655381978,-0.0276052285347017,0.222300115053439,2022,0.767195417367686,0.687508158828132
43,5,"Provinsi 05","Kabupaten 43",7616,12.4774154701718,0.364143705598102,0.132600638326717,12.5343178612075,0.0635633799719795,0.00404030327346224,1.66317298007903,60,6,0.00507114792171515,0.0569023910357007,0.456043089786745,2023,0.961306737526877,0.66464746973943
43,5,"Provinsi 05","Kabupaten 43",7000,12.8018371419822,0.369130677647413,0.136257457180438,12.8014894840657,0.0504309642336589,0.00254328215353659,1.04110406306718,60,6,0.00393946066170124,-0.00034765791653335,0.00271568769917596,2024,1.30821459472164,0.893968185968697
43,5,"Provinsi 05","Kabupaten 43",8204,12.8394825697654,0.365667557599081,0.133712762680477,12.8902587372728,0.0655004272816495,0.00429030597407866,1.8446045749419,60,6,0.00508138964598531,0.0507761675073439,0.395468954698473,2025,1.18268720427576,0.746954437205568
44,5,"Provinsi 05","Kabupaten 44",9154,12.5778429923094,0.365740014072703,0.133765757893901,12.4701159360271,0.0496373612337751,0.00246386763025228,1.36476450172141,60,6,0.00398050519244725,-0.10772705628233,0.856482755812732,2021,0.730254766183916,0.688329861708917
44,5,"Provinsi 05","Kabupaten 44",6389,12.0669158021152,0.367221650179189,0.134851740360327,12.1709350044712,0.0734310602214596,0.00539212060524762,2.19656074340875,60,6,0.00603331298659334,0.104019202355987,0.862019790821393,2022,-0.936447070487436,0.47852930156514
44,5,"Provinsi 05","Kabupaten 44",7201,12.4686018211805,0.3643603927394,0.13275849579721,12.5308167556965,0.0764628101939524,0.0058465613427564,2.326158634126,60,6,0.00610198135402405,0.0622149345160707,0.498972823162786,2023,-0.407807092501662,0.410953224496916
44,5,"Provinsi 05","Kabupaten 44",7203,12.854289031846,0.360658983521442,0.13007490239472,13.0292149519592,0.0504673258683914,0.00254695098030641,1.01978117213187,60,6,0.003873397288668,0.174925920113198,1.36083699129392,2024,0.944277923284689,0.593766443291679
44,5,"Provinsi 05","Kabupaten 44",8078,12.6270301845223,0.364998707543355,0.133224056508319,12.6230088672714,0.075910415479341,0.00576239117824618,2.00053316994811,60,6,0.00601365461099847,-0.0040213172509258,0.0318468966349267,2025,-0.228023533099015,0.86627711376641
45,5,"Provinsi 05","Kabupaten 45",7807,11.7099455462434,0.36601066036524,0.133963803500999,11.7723509574476,0.0819419135971308,0.00671447720395965,1.9522685489469,60,6,0.0069605394787599,0.0624054112041605,0.532926570475645,2021,-1.02837264626677,0.535897982632741
45,5,"Provinsi 05","Kabupaten 45",7830,12.6276931759196,0.362404595894164,0.131337091125212,12.5922247032073,0.0319332538931846,0.00101973270420659,0.547338350103708,60,6,0.00253595013159596,-0.0354684727123029,0.280878480480817,2022,0.83935494917939,0.591101236385293
45,5,"Provinsi 05","Kabupaten 45",8675,13.1942449636275,0.369669601543176,0.13665561430509,13.1833878081566,0.0933113976133884,0.00870701692456387,4.68961283693239,60,6,0.00707795287305866,-0.0108571554709282,0.0822870539455505,2023,1.47831131172955,0.764151428220794
45,5,"Provinsi 05","Kabupaten 45",7299,13.1408597871635,0.366726664257929,0.134488446277748,13.1607328082004,0.0705404132333228,0.00497594989912794,2.54770782917037,60,6,0.00535991530725169,0.0198730210368758,0.15123075170689,2024,1.5391225798541,0.545274079404771
45,5,"Provinsi 05","Kabupaten 45",8238,11.6735231068915,0.359018054612317,0.128893963537613,11.6019963117647,0.0662163478342576,0.00438460472050739,2.30191795708444,60,6,0.00570732364111448,-0.0715267951268324,0.612726719019437,2025,-2.24655156372962,0.564169772644527
46,5,"Provinsi 05","Kabupaten 46",6905,12.5688358559098,0.3622665918938,0.131237083602349,12.5653474502031,0.0773793653784713,0.00598756618637496,2.99209960063438,60,6,0.00615815564870995,-0.00348840570675435,0.027754405791799,2021,0.493082885766702,0.479617877141573
46,5,"Provinsi 05","Kabupaten 46",8878,13.1361284438961,0.376333409721231,0.141626835272408,13.2550264062714,0.061211963932675,0.0037469045284951,1.75168964491873,60,6,0.00461801901078926,0.118897962375332,0.905121801169505,2022,1.57298386867407,0.57366114561446
46,5,"Provinsi 05","Kabupaten 46",8537,11.6544012354783,0.366040386496561,0.133985564546552,11.660656617448,0.0614518031682369,0.00377632411262773,1.84551701485602,60,6,0.00527001224581863,0.00625538196965003,0.05367398842085,2023,-2.18458451224365,0.553111922903918
46,5,"Provinsi 05","Kabupaten 46",7774,12.768295991141,0.363749945077416,0.132314022543823,12.7901485781522,0.0282459788718734,0.000797835322430318,0.435929502623087,60,6,0.0022084167904134,0.0218525870111765,0.171147246479393,2024,-0.196108894770982,0.707553161750548
46,5,"Provinsi 05","Kabupaten 46",7782,13.0710588492212,0.365855790778023,0.133850459645812,13.141191070062,0.0447158363582605,0.00199950602121873,0.75269483800514,60,6,0.00340272324782881,0.070132220840863,0.536545827311012,2025,0.356146141404022,0.767074337787926
47,5,"Provinsi 05","Kabupaten 47",7990,12.0773790370231,0.358261239397156,0.128351115654386,12.1037661396084,0.0764708216798108,0.00584778656838542,2.59343786732649,60,6,0.00631793615291092,0.0263871025852946,0.218483683458185,2021,-0.774688725634976,0.850031832326204
47,5,"Provinsi 05","Kabupaten 47",7265,11.2693144743613,0.362825306715164,0.131642203192953,11.3479888651316,0.0391339366800794,0.00153146500008046,0.92883562235414,60,6,0.00344853499110529,0.0786743907702476,0.698129340069786,2022,-2.16486794459243,0.559497596905567
47,5,"Provinsi 05","Kabupaten 47",8906,11.9657460887705,0.366348600042276,0.134211296752936,11.9396307392625,0.055489098406628,0.00307904004198045,1.57153578737641,60,6,0.00464747190414833,-0.0261153495080393,0.218250908169845,2023,-1.37032613054822,0.861820624186657
47,5,"Provinsi 05","Kabupaten 47",7524,12.1663710076807,0.363085658071169,0.131831195096974,12.172024914321,0.0384522617574533,0.00147857643426371,0.873376847599064,60,6,0.00315906860428885,0.00565390664031895,0.046471594830945,2024,-0.488875289317984,0.427882651775144
47,5,"Provinsi 05","Kabupaten 47",6855,13.0211947226711,0.363804516889805,0.132353726509424,13.1239289529624,0.0700532692548828,0.0049074605332971,2.64877834975111,60,6,0.00533782752908534,0.102734230291324,0.788976990816782,2025,0.920941535092307,0.666105428920127
48,5,"Provinsi 05","Kabupaten 48",7359,11.9226930895569,0.366703337299313,0.134471337586454,11.9591589432101,0.113942148581402,0.0129828132233464,4.81493390706579,60,6,0.00952760550490832,0.0364658536532119,0.305852489695908,2021,-0.810075207542248,0.488586078374647
48,5,"Provinsi 05","Kabupaten 48",8239,12.7012346180845,0.366490106385237,0.134314998078262,12.6022235480034,0.0553318804751978,0.00306161699692158,1.36946016929453,60,6,0.00439064425927948,-0.0990110700810654,0.779538942931499,2022,0.837314142587195,0.727532369177789
48,5,"Provinsi 05","Kabupaten 48",7877,12.3787260638318,0.359231075792895,0.129046965815321,12.3257561738639,0.0849291302190337,0.00721295715976158,2.98647978273278,60,6,0.00689037889611358,-0.0529698899678586,0.427910672671125,2023,0.0698041906617241,0.750950070773251
48,5,"Provinsi 05","Kabupaten 48",6659,11.7747798259261,0.36116812922471,0.130442417567676,11.8610492223048,0.0461948796723491,0.00213396690794281,0.882312733569514,60,6,0.00389467059840533,0.0862693963787002,0.732662501159887,2024,-0.816445440912935,0.549373619817197
48,5,"Provinsi 05","Kabupaten 48",7689,13.3482054254603,0.371103226794492,0.137717604937284,13.2814255159215,0.074771666936574,0.00559080217647395,1.55400975782038,60,6,0.00562979228750253,-0.0667799095388304,0.500291293176045,2025,2.06023499725803,0.608269472233951
49,5,"Provinsi 05","Kabupaten 49",6914,13.2780375866436,0.370229780098777,0.137070090071989,13.1496343786145,0.0609753568915862,0.00371799414805631,1.63794457994997,60,6,0.0046370381971039,-0.128403208029056,0.967034527438127,2021,2.37578035383225,0.837543150386773
49,5,"Provinsi 05","Kabupaten 49",6834,12.8881089215606,0.361224520992366,0.130483154566164,12.8204117814233,0.0504320038862681,0.00254338701598456,1.09748961369407,60,6,0.0039337273050265,-0.0676971401373017,0.525268218551838,2022,1.59502587418722,0.517801596759819
49,5,"Provinsi 05","Kabupaten 49",7654,12.4277901321301,0.367821195672381,0.13529243198586,12.4255997229847,0.0871396926726385,0.00759332603908189,3.60286579482669,60,6,0.00701291644792396,-0.00219040914547719,0.017625089595086,2023,0.567947247058893,0.566393709369004
49,5,"Provinsi 05","Kabupaten 49",7422,12.6750308429103,0.363020535654294,0.131783909306731,12.6854054305925,0.0831128403263284,0.00690774422710976,2.44846010922464,60,6,0.00655184737934278,0.0103745876821915,0.0818505912196213,2024,0.758500863694911,0.783566465810873
49,5,"Provinsi 05","Kabupaten 49",8434,12.7571668889044,0.368386043798383,0.135708277265424,12.7178530372347,0.103533372922959,0.0107191593088045,4.36972749214052,60,6,0.00814079016480524,-0.039313851669684,0.308170709155474,2025,0.585197134335478,0.69061817668844
50,5,"Provinsi 05","Kabupaten 50",5752,12.417051781372,0.362110200609825,0.131123797385688,12.3708232537988,0.0356098295000372,0.00126805995702172,0.775278002490626,60,6,0.00287853352759706,-0.0462285275731684,0.372298741980929,2021,0.51472983295329,0.888024307182059
50,5,"Provinsi 05","Kabupaten 50",7274,12.1136887208126,0.361651590326907,0.130791872785981,12.1855165948712,0.0575779931232571,0.00331522529210184,1.93885810306094,60,6,0.00472511712367545,0.0718278740586111,0.592947992259397,2022,-0.263606988785317,0.685126349888742
50,5,"Provinsi 05","Kabupaten 50",7147,12.5944183207045,0.368163337873,0.135544243353789,12.5399566680709,0.0307646348861888,0.000946462759680503,0.492679728744937,60,6,0.00245332864383186,-0.0544616526336039,0.432426899335811,2023,0.0803871381024233,0.510351776937023
50,5,"Provinsi 05","Kabupaten 50",8719,12.4028618990793,0.366214647656635,0.134113168158273,12.3566804950792,0.046405709850031,0.00215348990668527,1.28188331187523,60,6,0.00375551588215875,-0.0461814040000821,0.372344740882025,2024,-1.0051510281866,0.81827645408921
50,5,"Provinsi 05","Kabupaten 50",7745,13.1121485623619,0.359948313631482,0.129562788486148,13.1017969168169,0.0649077565582128,0.00421301686142021,1.70523779775629,60,6,0.00495411102540444,-0.0103516455449117,0.0789469818441954,2025,0.882306953234229,0.794356660777703
