"district_id","province_id","province_name","district_name","N_pop","y_true","sd_true","var_true","y_dir","se_dir","psi_dir","deff_dir","n_sample_hh","n_sample_bs","cv_dir","direct_error","direct_abs_pct_error","x1","x2","is_outlier"
1,1,"Provinsi 01","Kabupaten 01",7418,10.9392239864845,0.372816091726471,0.1389918382502,10.9536494401886,0.0847016805780123,0.00717437469273963,3.80658763783546,80,8,0.00773273611142278,0.0144254537041331,0.131869077020051,0.733006013027467,0.684060128242709,FALSE
2,1,"Provinsi 01","Kabupaten 02",7299,10.5710871799508,0.366465859574099,0.134297226233383,10.6504757015472,0.0496679061991319,0.00246690090620576,1.35388231453399,80,8,0.00466344486302305,0.0793885215963659,0.750996754117541,-0.226215197360413,0.594944012537599,FALSE
3,1,"Provinsi 01","Kabupaten 03",7210,10.0355952724749,0.357815301294745,0.128031789840649,10.0170443261303,0.0319831810094126,0.00102292386748085,0.783536815914332,80,8,0.00319287605885718,-0.0185509463446394,0.184851479568131,-1.70012781062223,0.382948309835047,FALSE
4,1,"Provinsi 01","Kabupaten 04",8299,10.6227325038728,0.373589668807259,0.139569240639517,10.5147144069167,0.0450137097841099,0.00202623406852807,1.44894203709372,80,8,0.00428102067655773,-0.108018096956135,1.01685792160119,-0.372139225658124,0.652701844181865,FALSE
5,1,"Provinsi 01","Kabupaten 05",8326,10.4146962462282,0.374222621342387,0.140042570324367,10.399046503349,0.0593131793495616,0.00351805324455326,1.87540339015348,80,8,0.0057037132520236,-0.0156497428792033,0.150265956002999,-0.0853935209163471,0.301597351627424,FALSE
6,1,"Provinsi 01","Kabupaten 06",6828,10.4855722387967,0.3610475628578,0.130355342645557,10.4726012007398,0.0579974255618729,0.00336370137180499,1.7303727971025,80,8,0.00553801528867307,-0.0129710380569641,0.123703673596097,-0.6837812855828,0.637715579778887,FALSE
7,1,"Provinsi 01","Kabupaten 07",7979,11.4516168597272,0.370287880943879,0.137113114773908,11.51363643183,0.0519310556257377,0.00269683453840346,2.26757412101892,80,8,0.00451039564547754,0.0620195721028161,0.541579174910445,1.92674356544988,0.399463296006434,FALSE
8,1,"Provinsi 01","Kabupaten 08",8475,10.5522068258222,0.37306679496378,0.139178833504547,10.4701388527854,0.041570981183472,0.00172814647655658,0.862980960987694,80,8,0.0039704326530887,-0.0820679730368159,0.777732794584615,-0.685725237966539,0.718313463684171,FALSE
9,1,"Provinsi 01","Kabupaten 09",6852,10.5507104010235,0.368300239839406,0.135645066665764,10.5756443826375,0.059953085245918,0.0035943724305043,1.53205518790025,80,8,0.0056689770454409,0.0249339816140317,0.23632514462356,0.239146780575462,0.315447713434696,FALSE
10,1,"Provinsi 01","Kabupaten 10",7199,10.1645706148954,0.369274014674084,0.136363297913516,10.1780650521223,0.0769884994516089,0.00592722904781038,3.55453875762614,80,8,0.00756415871360103,0.0134944372268961,0.132759540350097,-1.54392573217582,0.519344331650063,FALSE
11,2,"Provinsi 02","Kabupaten 11",6813,10.8979567248383,0.361748738130833,0.13086214953925,10.8692787951662,0.0401715085433512,0.00161375009864854,1.1728887649931,80,8,0.00369587617544747,-0.028677929672078,0.26314960130752,0.448477176458588,0.740274887019768,FALSE
12,2,"Provinsi 02","Kabupaten 12",8844,9.96259536668249,0.369878811345456,0.136810335082327,9.88664618827692,0.0660155204112551,0.00435804893516884,2.47896820036861,80,8,0.00667724111433591,-0.0759491784055655,0.762343301220075,-2.21798708000007,0.611656306148507,FALSE
13,2,"Provinsi 02","Kabupaten 13",7999,10.4621931003549,0.361683261187927,0.130814781423534,10.5717363873657,0.0458474918730997,0.00210199251105394,1.98420369726137,80,8,0.00433679862921023,0.109543287010863,1.04703943007081,-0.559164579997299,0.432237690850161,FALSE
14,2,"Provinsi 02","Kabupaten 14",7428,9.18809577203971,0.368786957083575,0.136003819714963,9.13455721148213,0.0495858529704543,0.00245875681480751,1.24222083988616,80,8,0.00542838057964374,-0.053538560557584,0.582694846526384,-0.928100513761591,0.738109967974015,TRUE
15,2,"Provinsi 02","Kabupaten 15",6095,10.0806100531618,0.368723533848214,0.135957044413515,10.0693564213038,0.0486458984185628,0.00236642343294913,1.5946739138048,80,8,0.00483108317783271,-0.01125363185791,0.111636416829558,-0.737896688176247,0.492914901301265,FALSE
16,2,"Provinsi 02","Kabupaten 16",7790,10.751850564015,0.363589223541517,0.132197123475523,10.8514765940355,0.0414831628473443,0.00172085279981929,1.19405225182378,80,8,0.0038228127285595,0.0996260300205076,0.926594258610168,0.629783597550583,0.6172343284823,FALSE
17,2,"Provinsi 02","Kabupaten 17",7583,10.5066944641057,0.366001113714548,0.13395681524029,10.4028032755054,0.0554913954430616,0.00307929496821824,1.64254563780805,80,8,0.00533427326975632,-0.103891188600379,0.988809458153606,-0.579464318994892,0.668333005346358,FALSE
18,2,"Provinsi 02","Kabupaten 18",6417,9.92232496814159,0.376076983323352,0.141433897385593,9.9002951883699,0.0594307662040966,0.00353201597160599,1.97232722385803,80,8,0.00600292870801582,-0.0220297797716871,0.22202235708284,-2.17831621163264,0.599108422244899,FALSE
19,2,"Provinsi 02","Kabupaten 19",6760,10.0007286917182,0.380859000703266,0.14505357841669,10.0609296265573,0.0525069568057778,0.00275698051300382,1.2328077466047,80,8,0.00521889713522873,0.0602009348390702,0.601965483664441,-1.19856327386764,0.604852977860719,FALSE
20,2,"Provinsi 02","Kabupaten 20",6866,10.4400422166261,0.365433342629609,0.133541527905449,10.3642988725356,0.0793670994273278,0.00629913647150733,3.29211014815897,80,8,0.00765773936118756,-0.0757433440905348,0.725508024957129,-0.87166111147124,0.486710054520518,FALSE
21,3,"Provinsi 03","Kabupaten 21",6553,10.3971822696428,0.368903779490796,0.136089998522594,10.3723537342119,0.029365323244555,0.000862322209257202,0.516998216162696,80,8,0.00283111471099343,-0.0248285354308475,0.238800617195495,-0.808424444762094,0.712314307293855,FALSE
22,3,"Provinsi 03","Kabupaten 22",8402,10.8986340802834,0.366141867584927,0.134059867198578,10.8439679278896,0.0674661059585486,0.00455167545321011,2.0970116649852,80,8,0.00622153315162733,-0.0546661523937679,0.501587189652179,0.123932860137276,0.538438666681759,FALSE
23,3,"Provinsi 03","Kabupaten 23",7480,10.4479835084203,0.357042137819238,0.127479088178532,10.4733810386006,0.0369340466231533,0.00136412379996126,1.26435044227535,80,8,0.00352646833787765,0.0253975301802942,0.243085473477495,-0.81630176082348,0.589494206081145,FALSE
24,3,"Provinsi 03","Kabupaten 24",6235,10.8155258703673,0.365282224728937,0.133431103702922,10.7847769302902,0.0475306836240237,0.00225916588576703,2.14161429713599,80,8,0.00440720136644908,-0.0307489400770127,0.28430369864178,-0.110946138091738,0.484478721581399,FALSE
25,3,"Provinsi 03","Kabupaten 25",6717,10.5316732142181,0.365748619560054,0.133772052710085,10.5656179080361,0.0716305161826794,0.0051309308485971,2.41193369806137,80,8,0.00677958608821148,0.0339446938179861,0.322310549592061,0.0572535259257256,0.559904831065796,FALSE
26,3,"Provinsi 03","Kabupaten 26",7863,10.1440914947921,0.365332619908769,0.133467923169405,10.1819731941429,0.0306403572811417,0.000938831494316014,0.839611856439415,80,8,0.00300927498991721,0.0378816993508337,0.37343609696622,-1.30650066745469,0.418683404405601,FALSE
27,3,"Provinsi 03","Kabupaten 27",6467,12.0205848568266,0.368324534110206,0.135662962427501,12.0121886622011,0.0325351468264163,0.00105853577901647,0.909090743521163,80,8,0.00270851114158696,-0.00839619462545294,0.0698484701489769,0.336447819365701,0.329324267641641,TRUE
28,3,"Provinsi 03","Kabupaten 28",8220,10.4262026298735,0.362851745922743,0.131661389519183,10.4437765715421,0.0280127876200439,0.000784716270245685,0.523641372612763,80,8,0.00268224692745487,0.017573941668628,0.168555535437942,-0.563902879504588,0.799320675502531,FALSE
29,3,"Provinsi 03","Kabupaten 29",7407,10.519680558152,0.378221991407643,0.143051874784363,10.4961728896758,0.0558256131377229,0.0031164990822027,1.75347376154954,80,8,0.00531866364288207,-0.0235076684762543,0.223463710198286,-0.135422564215386,0.353956619114615,FALSE
30,3,"Provinsi 03","Kabupaten 30",7049,10.5913290627357,0.361932411047813,0.130995070166883,10.5391230419438,0.0475080769456734,0.00225701737507602,2.07593307403869,80,8,0.00450778274023367,-0.0522060207918447,0.492912839197163,0.169602706165244,0.678510290873237,FALSE
31,4,"Provinsi 04","Kabupaten 31",7863,11.335985281108,0.373399668256079,0.13942731225375,11.2711141721025,0.0688192554775078,0.00473608992447849,2.71516833278908,80,8,0.00610580768029525,-0.0648711090055194,0.572258232494625,1.16730449427752,0.78975553130731,FALSE
32,4,"Provinsi 04","Kabupaten 32",7238,10.2839431653845,0.37292144998577,0.139070407859489,10.2741077297727,0.0449120920113271,0.00201709600883391,1.06976850395392,80,8,0.00437138612837192,-0.00983543561183531,0.095638758924117,-0.711268659211655,0.669037750526331,FALSE
33,4,"Provinsi 04","Kabupaten 33",8233,10.3213819064099,0.368372200113948,0.135698077816791,10.3140932517215,0.0933762933634857,0.00871913216230374,4.22933818270724,80,8,0.00905327216698384,-0.00728865468843054,0.0706170428971732,-0.87375450572578,0.510731375380419,FALSE
34,4,"Provinsi 04","Kabupaten 34",7729,10.837825057842,0.368579643536714,0.135850953629651,10.7220289687621,0.0836134345056764,0.00699120642983503,3.97056937959321,80,8,0.00779828470425495,-0.115796089079819,1.0684439771062,0.162716376418796,0.348270684783347,FALSE
35,4,"Provinsi 04","Kabupaten 35",8374,10.6124794047714,0.370419036252935,0.137210262418553,10.6852998303117,0.0388790750937683,0.00151158248014687,0.943846080552178,80,8,0.00363855724323966,0.0728204255403195,0.686177308457995,0.00351155829040327,0.452085972717032,FALSE
36,4,"Provinsi 04","Kabupaten 36",6427,10.0302346828236,0.374606487854385,0.140330020742597,10.1322559940959,0.0688876544999671,0.00474550894250684,2.14180842588929,80,8,0.00679884662804694,0.102021311272271,1.01713782875867,-1.54144428954354,0.542786335176788,FALSE
37,4,"Provinsi 04","Kabupaten 37",6620,10.5907899856419,0.373464380222244,0.139475643294784,10.642664024691,0.0401525594630161,0.00161222803143105,0.935836817245051,80,8,0.00377279216649723,0.0518740390491121,0.48980330192024,-0.843004163232154,0.374610701296478,FALSE
38,4,"Provinsi 04","Kabupaten 38",8188,10.6869765775245,0.368879759099493,0.1360722766733,10.8253278742687,0.0401865711633571,0.00161496050186756,1.25211970858455,80,8,0.00371227288726089,0.138351296744158,1.29457845949734,-0.451120690443632,0.604908884922043,FALSE
39,4,"Provinsi 04","Kabupaten 39",7747,10.0156368468282,0.369718813352402,0.136692000946708,9.99044166181472,0.067136534765052,0.00450731430025903,3.36767368623128,80,8,0.00672007675312894,-0.0251951850134446,0.251558491973715,-1.57115259918094,0.677689317101613,FALSE
40,4,"Provinsi 04","Kabupaten 40",9366,10.6350103443974,0.365232509117338,0.133394785716146,10.6596586520396,0.0601143311647496,0.00361373281138518,2.72984545957571,80,8,0.0056394236557704,0.0246483076422024,0.23176571384519,-0.101693062190159,0.528616768377833,FALSE
41,5,"Provinsi 05","Kabupaten 41",7449,10.1082853238829,0.377751865464388,0.142696471861825,10.2227746468551,0.0679620869896819,0.00461884526799309,2.30913233485651,80,8,0.00664810575772493,0.11448932297219,1.13262852505445,-1.38920837750923,0.581495842384175,FALSE
42,5,"Provinsi 05","Kabupaten 42",7041,10.5253340157098,0.378854913315109,0.143531045342999,10.4610137559573,0.0492303532567799,0.00242362768178734,1.4401423209847,80,8,0.00470607862729791,-0.064320259752547,0.611099463984178,-0.0557795412347499,0.383805535803549,FALSE
43,5,"Provinsi 05","Kabupaten 43",7982,9.4976556674801,0.365423584745978,0.133534396288601,9.49994403828591,0.0571338171917719,0.00326427306690281,2.05030090569019,80,8,0.0060141214476123,0.00228837080580924,0.0240940594808527,0.270017242988606,0.413279471406713,TRUE
44,5,"Provinsi 05","Kabupaten 44",8300,11.2677013125679,0.368305994749143,0.135649305768156,11.3004330409286,0.0365146977266981,0.00133332315007213,0.960602943908444,80,8,0.00323126535013719,0.0327317283607798,0.290491622495098,1.12101066597589,0.77277339338325,FALSE
45,5,"Provinsi 05","Kabupaten 45",7101,11.0899217578335,0.368066409751123,0.135472881987081,11.0189580982311,0.0559235355689224,0.00312744183052853,1.81374760747033,80,8,0.0050752108384821,-0.0709636596024321,0.639893239574085,0.626847749648586,0.48703692778945,FALSE
46,5,"Provinsi 05","Kabupaten 46",8805,10.6660285732174,0.371227433436973,0.137809807336202,10.7626927214474,0.0911576278014714,0.00830971310639159,4.29936831091832,80,8,0.00846977890763497,0.0966641482299373,0.906280604504122,0.450881271924608,0.393666456639767,FALSE
47,5,"Provinsi 05","Kabupaten 47",6917,10.5394332020854,0.375063335992469,0.140672506005799,10.5771005385157,0.0770162689890869,0.00593150568899939,2.60935289091964,80,8,0.00728141599000956,0.0376673364302906,0.357394327645983,-0.465924489425067,0.49918825593777,FALSE
48,5,"Provinsi 05","Kabupaten 48",7553,10.7259837683251,0.369130219303525,0.136257118803068,10.7267691707254,0.0424083333190534,0.00179846673489994,0.98889907217186,80,8,0.00395350479199187,0.000785402400238056,0.0073224276411589,0.246040237365894,0.50041495305486,FALSE
49,5,"Provinsi 05","Kabupaten 49",7751,10.9592813652953,0.366426912544636,0.134268682236994,10.9771672010419,0.0601525260643653,0.00361832639192415,2.56449291044083,80,8,0.00547978590128936,0.0178858357466165,0.163202633005258,1.01176497741186,0.778040046989918,FALSE
50,5,"Provinsi 05","Kabupaten 50",8751,9.62630536354371,0.370787617481662,0.137483457277727,9.47575315497182,0.0727939918736444,0.00529896525290021,2.83546996357285,80,8,0.00768213256330451,-0.150552208571892,1.56396668177654,-2.24256182807534,0.579281141003594,FALSE
51,6,"Provinsi 06","Kabupaten 51",7540,11.3862293044122,0.364258368303253,0.132684158878948,11.4397011691865,0.043211071627465,0.00186719671119391,1.24112184127789,80,8,0.00377729024459628,0.053471864774373,0.469618724028794,1.70738926116655,0.536839857068844,FALSE
52,6,"Provinsi 06","Kabupaten 52",6462,10.7217688453547,0.360651166917788,0.130069264199162,10.7301034764682,0.0437509568599591,0.001914146226162,1.72286248565538,80,8,0.00407740307033458,0.00833463111344379,0.0777355978631717,0.368511538577852,0.767507524648681,FALSE
53,6,"Provinsi 06","Kabupaten 53",7571,11.3318976310308,0.365738303606308,0.13376450672482,11.3866794506292,0.0571454110989285,0.00326559800966554,2.33614315963222,80,8,0.00501861946203912,0.0547818195984018,0.483430237212783,1.2156524222451,0.565788140357472,FALSE
54,6,"Provinsi 06","Kabupaten 54",8021,10.9182695883141,0.367128963694358,0.134783675983293,10.8288461914656,0.0562688027178451,0.00316617815929977,2.44085836070395,80,8,0.00519619558011561,-0.0894233968485789,0.819025360431556,0.740739553494325,0.653731716051698,FALSE
55,6,"Provinsi 06","Kabupaten 55",8206,10.232600453494,0.364682000566907,0.132992961537481,10.2294093866715,0.0525896276591325,0.00276566893732619,1.5528595418772,80,8,0.00514102287544134,-0.00319106682246684,0.0311852968067099,-1.36729647876334,0.671726516750641,FALSE
56,6,"Provinsi 06","Kabupaten 56",7904,10.7142668112645,0.366134428399943,0.134054419659753,10.7902969031077,0.0448111176404019,0.00200803626418194,2.08602222539721,80,8,0.00415290867737808,0.0760300918432364,0.709615442498612,0.13435886150988,0.465991573943757,FALSE
57,6,"Provinsi 06","Kabupaten 57",7104,10.8076371546142,0.367029474195727,0.134710634928392,10.8137330325771,0.0196653540477661,0.00038672614982399,0.288444543022493,80,8,0.00181855368433111,0.00609587796293098,0.0564034291281554,0.64459245342333,0.557611882640049,FALSE
58,6,"Provinsi 06","Kabupaten 58",6242,12.7375575482924,0.36299636867994,0.131766363674823,12.7898373723366,0.0534469307888286,0.00285657441074583,1.69093190281527,80,8,0.00417885929530503,0.0522798240442377,0.410438373652305,1.43566930899531,0.786592666129582,TRUE
59,6,"Provinsi 06","Kabupaten 59",7528,9.86578161391907,0.360069611203684,0.129650124912372,9.86681070264305,0.0695517232113003,0.00483744220166132,2.62664796903659,80,8,0.00704905823243059,0.00102908872397833,0.0104308889477794,-2.31782428938659,0.645094685209915,FALSE
60,6,"Provinsi 06","Kabupaten 60",8746,10.1547083767347,0.374663094425949,0.140372434324827,10.136194890249,0.0529587099629384,0.00280462496093863,2.64641234146023,80,8,0.00522471307392526,-0.0185134864857464,0.182314309765529,-1.24067432997481,0.61481410888955,FALSE
