"district_id","province_id","province_name","district_name","N_pop","y_true","sd_true","var_true","y_dir","se_dir","psi_dir","deff_dir","n_sample_hh","n_sample_bs","cv_dir","direct_error","direct_abs_pct_error","x1","x2"
1,1,"Provinsi 01","Kabupaten 01",8694,12.2104431653499,0.362734297221088,0.131576170380477,12.2149498399142,0.0464111577129221,0.00215399556025373,1.48014855020465,80,8,0.00379953731461643,0.00450667456427034,0.0369083619917998,1.34817602076736,0.75757895396091
2,1,"Provinsi 01","Kabupaten 02",7767,11.390051045703,0.36502622523236,0.133244145107385,11.3442629296825,0.0671511467481272,0.00450927650958851,2.3904337975538,80,8,0.00591939266256118,-0.0457881160205318,0.402000972926331,-0.192726087770361,0.718229484371841
3,1,"Provinsi 01","Kabupaten 03",7023,11.6871385871939,0.375042259094195,0.140656696106477,11.6634945751218,0.0328530211827123,0.00107932100083174,0.81044068028963,80,8,0.00281673909745607,-0.0236440120721291,0.202307963542392,1.18170945946107,0.474863618193194
4,1,"Provinsi 01","Kabupaten 04",8717,11.9672655669228,0.375527528739249,0.141020924841008,12.0137692135364,0.0424697250743178,0.00180367754788814,1.25659323679316,80,8,0.00353508747500039,0.0465036466136013,0.388590412350639,1.95490057017559,0.473604717245325
5,1,"Provinsi 01","Kabupaten 05",6385,10.9575055953595,0.364858271929028,0.133121558595037,10.9431585361119,0.0357453787847037,0.00127773210446194,0.768421132439102,80,8,0.00326645900877208,-0.0143470592476671,0.130933624653982,-1.41988794686439,0.269010912999511
6,1,"Provinsi 01","Kabupaten 06",7423,11.7696360803641,0.369668557299608,0.136654842255973,11.6701911756019,0.0635022726486742,0.00403253863154656,2.36293078357792,80,8,0.00544140808776416,-0.0994449047621515,0.844927609342662,-0.118046507986856,0.727016596263275
7,1,"Provinsi 01","Kabupaten 07",8999,11.5125102928834,0.367910240496875,0.135357945062469,11.4958416537296,0.041392659178356,0.00171335223385554,1.233155707651,80,8,0.00360066365083648,-0.0166686391537727,0.144787181333307,-0.229174441720646,0.271935337921605
8,1,"Provinsi 01","Kabupaten 08",8143,11.023786067873,0.373206843179496,0.139283347796005,11.0222124836585,0.0477117362332859,0.00227640977439464,1.24390690456693,80,8,0.00432868957153775,-0.00157358421444087,0.0142744444127669,-1.62575094402053,0.788186732772738
9,1,"Provinsi 01","Kabupaten 09",8873,11.8708479047283,0.372769282994559,0.138956938344278,11.8349401351501,0.0525169035917542,0.00275802516286561,1.83591536814488,80,8,0.00443744564755149,-0.0359077695782162,0.302486982112825,1.2746954755136,0.378973235236481
10,1,"Provinsi 01","Kabupaten 10",6440,11.3948434078673,0.370683459893204,0.137406227438396,11.4232227901027,0.0463393072866075,0.00214733139980264,1.46218327840069,80,8,0.00405658789450879,0.0283793822353697,0.249054604960835,-1.11480121959151,0.618365532532334
11,2,"Provinsi 02","Kabupaten 11",7886,11.6392190518468,0.380329384213038,0.144650440495869,11.5256362784123,0.054426825748282,0.00296227936103386,1.77666565417955,80,8,0.00472224044152984,-0.113582773434475,0.975862494970852,0.93481077041092,0.379131465032697
12,2,"Provinsi 02","Kabupaten 12",8418,11.2405867622213,0.362988183044422,0.131760421029891,11.2882740569383,0.108567524266115,0.0117869073252734,4.40651029903229,80,8,0.00961772576733151,0.0476872947169902,0.424242041147385,-0.153240923175236,0.658859489532188
13,2,"Provinsi 02","Kabupaten 13",7347,10.9650310572277,0.371377407787099,0.137921179014665,10.9096216342753,0.0402586668780187,0.00162076025879528,1.19229368118391,80,8,0.00369019826971231,-0.0554094229524207,0.505328463396344,-0.556685133381524,0.315646377485245
14,2,"Provinsi 02","Kabupaten 14",8292,11.3301245419793,0.375296337270382,0.140847340768565,11.2584634015211,0.0433098698307007,0.00187574482475224,0.939457220505509,80,8,0.0038468721961515,-0.071661140458227,0.632483254643097,0.438610750792589,0.559271324938163
15,2,"Provinsi 02","Kabupaten 15",7114,11.1416688466957,0.376697970950137,0.14190136131795,11.1707260551804,0.0669067978255909,0.00447651959527449,3.46318660555599,80,8,0.00598947619833207,0.0290572084846605,0.260797631705577,-0.673575115023015,0.46318610268645
16,2,"Provinsi 02","Kabupaten 16",8311,9.73450526910043,0.368797269413647,0.136011425926962,9.72582544813864,0.0841070488236743,0.00707399566182794,3.67826369922669,80,8,0.00864780570782,-0.00867982096178999,0.0891655068423636,-3.32417947751105,0.446181726502255
17,2,"Provinsi 02","Kabupaten 17",7602,10.870687127271,0.369817303258361,0.136764837789287,10.9292381548705,0.0294206204840375,0.000865572909665764,0.665298790146196,80,8,0.0026919186925144,0.0585510275995187,0.53861386050412,-0.992029743394185,0.650560656609014
18,2,"Provinsi 02","Kabupaten 18",8214,10.7147636179539,0.367178037667772,0.134819711345556,10.7145893611269,0.0372201271407105,0.00138533786437065,1.02509225598344,80,8,0.00347378008491366,-0.000174256826968033,0.00162632451056638,-1.26063260274251,0.30566439400427
19,2,"Provinsi 02","Kabupaten 19",5849,10.9609209189426,0.366756665448335,0.134510451650782,10.9884779048489,0.043084207409569,0.00185624892811076,1.88198895571648,80,8,0.00392085307743644,0.0275569859063172,0.251411228218,-0.673881743086103,0.772782958950847
20,2,"Provinsi 02","Kabupaten 20",9029,11.2130121422673,0.374698760573529,0.140399161175339,11.2133609107003,0.0559450270848879,0.00312984605552884,1.50078288986001,80,8,0.00498913996708183,0.000348768432949953,0.00311039021919252,0.020956165564974,0.308576415665448
21,3,"Provinsi 03","Kabupaten 21",7669,10.9664514240948,0.376330607883071,0.141624726429642,10.9315632415897,0.0555753027495698,0.00308861427570634,1.64609793517874,80,8,0.00508393004013648,-0.0348881825050142,0.318135567795069,-1.32371131204534,0.709961663652211
22,3,"Provinsi 03","Kabupaten 22",6975,11.4640718779922,0.368535318473581,0.135818280962424,11.5047783662934,0.0610077550022814,0.00372194617041839,2.34576140005608,80,8,0.00530281879927574,0.0407064883011561,0.355078795164404,1.17762272861709,0.595595270302147
23,3,"Provinsi 03","Kabupaten 23",7543,11.0076015818685,0.367085807976108,0.134751990417472,10.9460211279972,0.045222118376221,0.00204503999043295,1.80688633422093,80,8,0.00413137503092829,-0.0615804538712936,0.559435708253903,-0.619614896221064,0.303683384135365
24,3,"Provinsi 03","Kabupaten 24",7798,11.7969720594624,0.377328925723052,0.142377118187312,11.8778484899918,0.0627875646216439,0.0039422782711171,2.03761709256961,80,8,0.00528610586964032,0.080876430529381,0.685569399687692,1.08814761721483,0.646301743993536
25,3,"Provinsi 03","Kabupaten 25",6845,12.0050049196441,0.363627045988271,0.132224628574156,12.0010385313409,0.0553461862402597,0.00306320033134151,2.27328304954784,80,8,0.00461178306325092,-0.00396638830322615,0.0330394558750729,1.95403209021721,0.389668506104499
26,3,"Provinsi 03","Kabupaten 26",8753,11.3410716417934,0.364109360277076,0.132575626241382,11.4198435490316,0.0482666366038777,0.00232966820905079,1.20789329182577,80,8,0.00422655848100221,0.0787719072381758,0.694571992190674,0.749380503479014,0.47622262602672
27,3,"Provinsi 03","Kabupaten 27",8122,10.9026903589779,0.36621484570032,0.134113313211309,10.9494082032112,0.0668381770063272,0.00446734190552912,2.31507424987698,80,8,0.00610427301328714,0.0467178442333473,0.428498312757064,-1.48835722982903,0.742039251932874
28,3,"Provinsi 03","Kabupaten 28",7493,10.6567797211082,0.374489546680917,0.140242420573279,10.6137348350304,0.0577601897973739,0.00333623952542866,2.27409790729672,80,8,0.00544202306682261,-0.0430448860778263,0.403920201076936,-1.96615889733891,0.663296052394435
29,3,"Provinsi 03","Kabupaten 29",7431,11.5821883186875,0.375559442725569,0.14104489502034,11.6591751160977,0.0511661666517002,0.00261797660982956,1.71203839067601,80,8,0.00438848942075291,0.0769867974101786,0.664699927957162,0.159923304236622,0.474328118935227
30,3,"Provinsi 03","Kabupaten 30",7028,11.737960110515,0.366765128332218,0.134516659360548,11.7440672863927,0.0522010617062759,0.00272495084326242,2.64112439543524,80,8,0.00444488782576705,0.00610717587771425,0.0520292778320434,0.798305269892547,0.530906113563105
31,4,"Provinsi 04","Kabupaten 31",6544,11.0849833911914,0.365131285659817,0.133320855767591,11.1223757171807,0.0420277478761972,0.00176633159154519,1.30367976146576,80,8,0.0037786664418535,0.0373923259893214,0.337324149885825,-0.560285731510131,0.687945838924497
32,4,"Provinsi 04","Kabupaten 32",6570,11.3054839224146,0.373561422542109,0.139548136411684,11.329201861325,0.0596563732244727,0.00355888286629758,1.7544991961517,80,8,0.00526571721068227,0.0237179389104138,0.20979145230033,0.641223717799746,0.540266638854519
33,4,"Provinsi 04","Kabupaten 33",8295,11.1649161552776,0.371340686621037,0.137893905540183,11.1219120346468,0.0476103893468223,0.00226674917375601,1.78537457202937,80,8,0.0042807737732961,-0.0430041206307603,0.385171908437778,-0.468998541949742,0.747576374607161
34,4,"Provinsi 04","Kabupaten 34",7916,11.1380630136597,0.373511809438862,0.139511071790293,11.1774517689045,0.0433189569532809,0.0018765320315202,1.42316782992646,80,8,0.00387556643937337,0.0393887552448131,0.35364098045151,-0.288024709067427,0.45940945209004
35,4,"Provinsi 04","Kabupaten 35",7351,11.5620993168865,0.367375246865246,0.1349645720093,11.4943509214955,0.0711265739900984,0.00505898952756895,2.95880330153293,80,8,0.00618795915279437,-0.0677483953910318,0.585952373649696,0.960295206895775,0.691000297479331
36,4,"Provinsi 04","Kabupaten 36",7393,11.3521007685242,0.374583815499002,0.14031303483379,11.3272228071237,0.0455273567808207,0.00207274021544815,1.15774193351718,80,8,0.00401928677099814,-0.0248779614004881,0.21914852508592,-0.0933622302003718,0.754454264556989
37,4,"Provinsi 04","Kabupaten 37",7841,10.6663222456247,0.370941891088245,0.137597886564123,10.7343726819522,0.0701362831310289,0.00491909821143585,2.91926861331277,80,8,0.00653380362403008,0.0680504363275212,0.637993441042298,-1.869638846081,0.533190567046404
38,4,"Provinsi 04","Kabupaten 38",7295,11.4203026655871,0.361691516161823,0.130820752863439,11.3580727635246,0.0526432993504139,0.00277131696649729,1.7353800503704,80,8,0.00463487956508544,-0.0622299020625015,0.544905891592691,0.502486456484343,0.278018715651706
39,4,"Provinsi 04","Kabupaten 39",7855,11.0721686047291,0.37026623514456,0.137097084888126,11.0685506404164,0.0332013597593354,0.00110233028986881,0.888883219650038,80,8,0.00299961222005905,-0.00361796431267791,0.0326762032067741,-0.299443299354274,0.457834871346131
40,4,"Provinsi 04","Kabupaten 40",8025,11.3085583486928,0.360692371962738,0.130098987192106,11.302069553693,0.0435517713960531,0.00189675679173407,1.35533635384789,80,8,0.00385343331937135,-0.00648879499976651,0.0573795067389522,0.731414772362304,0.35787761467509
41,5,"Provinsi 05","Kabupaten 41",7019,11.5831680855691,0.363248148681845,0.131949217520788,11.5813043996452,0.0465219950796466,0.00216429602619066,1.21883189197161,80,8,0.00401699096010911,-0.00186368592390096,0.0160896044167988,0.705083494035494,0.304895714810118
42,5,"Provinsi 05","Kabupaten 42",6530,11.1965162097713,0.365946334298967,0.133916719586851,11.2003269129923,0.01952672647629,0.000381293046879846,0.225301051586372,80,8,0.00174340683338798,0.00381070322094601,0.0340347224935947,-0.144136352827149,0.382072165515274
43,5,"Provinsi 05","Kabupaten 43",7842,11.7753289569104,0.369800699416557,0.136752557288975,11.9397991149854,0.0506449755403405,0.00256491354748169,1.49567434052642,80,8,0.00424169410662672,0.164470158074998,1.39673514580226,0.833315071793905,0.734251952730119
44,5,"Provinsi 05","Kabupaten 44",7493,11.8075278443985,0.366311878267854,0.134184392160123,11.7584829117453,0.0212196133639393,0.000450271991315072,0.349524404090035,80,8,0.00180462169509499,-0.049044932653155,0.415370035959069,1.39782557919856,0.612610514042899
45,5,"Provinsi 05","Kabupaten 45",8037,10.9968658112557,0.374113657754895,0.139961028918747,10.9568045227497,0.0757890638181514,0.00574398219443183,4.668307468718,80,8,0.00691707729756337,-0.0400612885059832,0.364297329744437,-0.579174535638314,0.363813464203849
46,5,"Provinsi 05","Kabupaten 46",6124,10.7229776154259,0.377900973008528,0.142809145400793,10.6091101919289,0.0401916132380546,0.00161536577467736,0.991197362376291,80,8,0.00378840567313846,-0.113867423496943,1.06190115824858,-1.08851461541798,0.531325249513611
47,5,"Provinsi 05","Kabupaten 47",7539,11.5324210077496,0.369248422616108,0.136344397604484,11.5402677403332,0.033801853196326,0.00114256527950597,0.71361761696963,80,8,0.00292903543980947,0.00784673258360158,0.0680406358589293,0.292229970357352,0.801038770284504
48,5,"Provinsi 05","Kabupaten 48",6912,11.5665905104043,0.368096761965162,0.135495226169237,11.5530069945528,0.0678761322432967,0.00460716932830951,2.75719978439665,80,8,0.00587519182454402,-0.0135835158514723,0.117437509690118,0.699486921048833,0.369692556234077
49,5,"Provinsi 05","Kabupaten 49",7582,11.1409411786305,0.367274582166779,0.134890618705782,11.1126044830496,0.0583678643725729,0.00340680759141506,1.9511048976291,80,8,0.00525240185247329,-0.028336695580867,0.254347412184707,0.243271946935294,0.281658231047913
50,5,"Provinsi 05","Kabupaten 50",7791,11.4316825052167,0.366993675536476,0.134684357883773,11.4149733291082,0.0539758174964797,0.00291338887441329,1.53202086473797,80,8,0.00472851017170941,-0.0167091761084475,0.146165501891979,1.04879609585188,0.401360142463818
51,6,"Provinsi 06","Kabupaten 51",6989,11.5461516979632,0.367827327042443,0.135296942519188,11.4888265756227,0.0596551921323077,0.00355874194834254,2.33732376768459,80,8,0.00519245300985619,-0.0573251223405595,0.496486828166929,0.913310436550162,0.356283585401252
52,6,"Provinsi 06","Kabupaten 52",7091,11.2010551276268,0.360128148150022,0.129692283089964,11.1156785866419,0.0372003226577447,0.00138386400584031,0.866745479258352,80,8,0.00334665332105317,-0.0853765409849583,0.762218737540014,-0.592287222475015,0.568938728887588
53,6,"Provinsi 06","Kabupaten 53",6850,10.4974208715612,0.375500514067167,0.141000636064707,10.4825816165463,0.054392989704395,0.00295859732898242,1.69737445247351,80,8,0.00518889255472508,-0.0148392550149197,0.141360960911084,-1.35507171035895,0.484045557258651
54,6,"Provinsi 06","Kabupaten 54",7120,11.1713874430575,0.374134980483975,0.139976983621744,11.194916946522,0.0711970120252306,0.00506901452132083,3.04820862709015,80,8,0.00635976241407933,0.0235295034645073,0.210622929196944,0.110812803372249,0.488790317811072
55,6,"Provinsi 06","Kabupaten 55",6825,11.3818907662855,0.367703198485301,0.13520564217632,11.4154122926818,0.0596044275074595,0.003552687778492,2.12056052045372,80,8,0.00522139945358527,0.0335215263963491,0.294516324964599,0.336796281461413,0.739034646283835
56,6,"Provinsi 06","Kabupaten 56",7246,10.8576058577187,0.368043035105802,0.13545567568989,10.9029099984754,0.0607041170055798,0.00368498982142712,2.14272627052169,80,8,0.00556769862486878,0.0453041407567198,0.41725718680894,-0.645084286737858,0.849447650741786
57,6,"Provinsi 06","Kabupaten 57",7304,10.7781407706614,0.358560432998393,0.128565584111995,10.8155559901354,0.0338256819061412,0.00114417675641545,0.699807467196537,80,8,0.00312750282435713,0.0374152194739903,0.347139829309302,-1.07366861710677,0.640903235925361
58,6,"Provinsi 06","Kabupaten 58",8440,11.2643924708577,0.366388920513769,0.134240841075245,11.1786058544633,0.049290326049576,0.00242953624207351,1.82110577257038,80,8,0.00440934466169552,-0.0857866163944045,0.761573397023804,0.0503788766447753,0.473389424569905
59,6,"Provinsi 06","Kabupaten 59",8303,10.6168633580395,0.362049119903646,0.131079565223005,10.6252417821202,0.0594855095531357,0.0035385258467962,2.2398224540091,80,8,0.00559850879377033,0.0083784240807141,0.0789161901982063,-1.23145783496859,0.277732278080657
60,6,"Provinsi 06","Kabupaten 60",7222,10.1141708823842,0.370128604368034,0.136995183771429,10.0952801916884,0.0525060916549947,0.00275688966088271,1.65173408358862,80,8,0.00520105342873237,-0.0188906906958142,0.186774486168867,-2.16248640670156,0.714701480977237
